<?xml version="1.1" encoding="UTF-8"?>

<project i18n.job.generated.documetation="Generated documentation" i18n.job.project.name="Project Name" i18n.job.generated.date="GENERATION DATE" i18n.job.author="AUTHOR" i18n.job.summary="Summary" i18n.job.project.description="Project Description" i18n.job.job.description="Description" i18n.job.job.preview.picture="Preview Picture" i18n.job.job.setting="Settings" i18n.job.context.list="Context List" i18n.job.component.list="Component List" i18n.job.components.description="Components Description" i18n.job.source.code="Source Code" i18n.job.properties="Properties" i18n.job.values="Values" i18n.job.name="Name" i18n.job.language="Language" i18n.job.description="Description" i18n.job.author.min="Author" i18n.job.version="Version" i18n.job.purpose="Purpose" i18n.job.status="Status" i18n.job.creation="Creation" i18n.job.modification="Modification" i18n.job.extract.settings="Extra settings" i18n.job.value="Value" i18n.job.stats.logs="Status &amp; Logs" i18n.job.context="Context" i18n.job.promt="Prompt" i18n.job.need.promt="Need Prompt?" i18n.job.type="Type" i18n.job.source="Source" i18n.job.component.name="Component Name" i18n.job.component.type="Component Type" i18n.job.component="Component" i18n.job.unique.name="UNIQUE NAME" i18n.job.input="INPUT(S)" i18n.job.label="LABEL" i18n.job.output="OUTPUT(S)" i18n.job.component.parameters="Component Parameters:" i18n.job.schema.for="Schema for " i18n.job.column="Column" i18n.job.key="Key" i18n.job.length="Length" i18n.job.precision="Precision" i18n.job.nullable="Nullable" i18n.job.comment="Comment" i18n.job.original.function.parameters="Original Function Parameters:" i18n.job.ended="ended" i18n.job.content="content" i18n.route.manifest.type="Type" i18n.route.manifest.value="Value" i18n.route.resource.name="Name" i18n.route.resource.version="Version" i18n.route.resource.path="Path" name="Main" logo="pictures/logo.jpg" title="Generated by Talend Open Studio for Data Integration" link="http://www.talend.com" language="java" generatedDate="Apr 28, 2017 9:46:48 PM" versionName="Talend Open Studio VERSION " version="6.3.1.20161216_1026" docType="Jobs" company="">
  <pro-description><![CDATA[]]></pro-description>
  <job name="HTMLParsing" author="user@talend.com" i18n.job.extract.settings.type="i18n.job.extract.settings" i18n.job.stats.logs.type="i18n.job.stats.logs" version="3.2" purpose="Scraping http://trzistesrbije.com for SRB treasury." status="TEST" creation="Aug 11, 2014 5:36:45 PM" modification="Apr 26, 2017 1:00:55 AM">
    <description><![CDATA[Basic concept of dataflow with JSoup: 0.1, 1.0, 2.0<br/>]]></description>
    <preview picture="pictures/HTMLParsing_3.2.png"/>
    <contextList>
      <context name="Dev">
        <contextParameter name="numLastPage" prompt="numLastPage?" promptNeeded="false" type="id_Integer" value="2" source="HTMLParsingJavaFlex"/>
        <contextParameter name="urlMainSearchPage" prompt="urlMainSearchPage?" promptNeeded="false" type="id_String" value="&quot;http://trzistesrbije.com/preduzeca.php?stranica=&quot;" source="HTMLParsingJavaFlex"/>
      </context>
    </contextList>
    <jobSetting>
      <extra>
        <jobParameter name="COMP_DEFAULT_FILE_DIR" value=""/>
        <jobParameter name="Multi thread execution" value="false"/>
        <jobParameter name="Implicit tContextLoad" value="false"/>
      </extra>
      <Statslogs>
        <jobParameter name="Use statistics (tStatCatcher)" value="true"/>
        <jobParameter name="Use logs (tLogCatcher)" value="true"/>
        <jobParameter name="Use volumetrics (tFlowMeterCatcher)" value="true"/>
        <jobParameter name="On Console" value="false"/>
        <jobParameter name="On Files" value="false"/>
        <jobParameter name="On Databases" value="false"/>
        <jobParameter name="Catch components statistics" value="false"/>
        <jobParameter name="Catch runtime errors" value="true"/>
        <jobParameter name="Catch user errors" value="true"/>
        <jobParameter name="Catch user warnings" value="true"/>
      </Statslogs>
    </jobSetting>
    <componentList>
      <componentItem name="tHttpRequest_2" link="tHttpRequest_2" type="tHttpRequest" leftTopX="288" leftTopY="96" rightBottomX="320" rightBottomY="128"/>
      <componentItem name="tJavaFlex_2" link="tJavaFlex_2" type="tJavaFlex" leftTopX="672" leftTopY="96" rightBottomX="704" rightBottomY="128"/>
      <componentItem name="tJavaFlex_3" link="tJavaFlex_3" type="tJavaFlex" leftTopX="448" leftTopY="96" rightBottomX="480" rightBottomY="128"/>
      <componentItem name="tJavaRow_3" link="tJavaRow_3" type="tJavaRow" leftTopX="896" leftTopY="96" rightBottomX="928" rightBottomY="128"/>
      <componentItem name="tLogRow_1" link="tLogRow_1" type="tLogRow" leftTopX="1088" leftTopY="96" rightBottomX="1120" rightBottomY="128"/>
      <componentItem name="tLoop_2" link="tLoop_2" type="tLoop" leftTopX="96" leftTopY="96" rightBottomX="128" rightBottomY="128"/>
    </componentList>
    <internalNodeComponents>
      <component icon="pictures/tHttpRequest_2.png" uniqueName="tHttpRequest_2" label="getPage">
        <input link="tLoop_2">tLoop_2</input>
        <output link="tJavaFlex_3">tJavaFlex_3</output>
        <componentType>tHttpRequest</componentType>
        <parameters>
          <column name="Unique Name" value="tHttpRequest_2"/>
          <column name="Component Name" value="tHttpRequest"/>
          <column name="Version" value="0.101 (ALPHA)"/>
          <column name="Family" value="Internet"/>
          <column name="Start" value="false"/>
          <column name="Startable" value="true"/>
          <column name="SUBTREE_START" value="false"/>
          <column name="END_OF_FLOW" value="false"/>
          <column name="Activate" value="true"/>
          <column name="DUMMY" value="false"/>
          <column name="tStatCatcher Statistics" value="false"/>
          <column name="Help" value="org.talend.help.tHttpRequest"/>
          <column name="Update components" value="true"/>
          <column name="IREPORT_PATH" value=""/>
          <column name="JAVA_LIBRARY_PATH" value="/home/db/Apps/TOS_DI-20161216_1026-V6.3.1/configuration/lib/java"/>
          <column name="Subjob color" value=""/>
          <column name="Title color" value=""/>
          <column name="REPOSITORY_ALLOW_AUTO_SWITCH" value="true"/>
          <column name="Property" value="Built-In"/>
          <column name="URI" value="context.urlMainSearchPage + ((Integer)globalMap.get(&quot;tLoop_2_CURRENT_ITERATION&quot;)) "/>
          <column name="Method" value="GET"/>
          <column name="Post parameters from file" value=""/>
          <column name="Write response content to file" value="false"/>
          <column name="" value="&quot;/home/db/project/talend/Resources/MAIN/debug.html&quot;"/>
          <column name="Create directory if not exists" value="false"/>
          <column name="Headers" value="[]"/>
          <column name="Need authentication" value="false"/>
          <column name="user" value="&quot;&quot;"/>
          <column name="password" value="**"/>
          <column name="Die on error" value="true"/>
          <column name="Set timeout" value="false"/>
          <column name="Connect timeout(s)" value="30"/>
          <column name="Read timeout(s)" value="0"/>
          <column name="Label format" value="getPage"/>
          <column name="Hint format" value="&lt;b&gt;__UNIQUE_NAME__&lt;/b&gt;&lt;br&gt;__COMMENT__"/>
          <column name="Connection format" value="row"/>
          <column name="Show Information" value="false"/>
          <column name="Comment" value=""/>
          <column name="Use an existing validation rule" value="false"/>
          <column name="Validation Rule Type" value=""/>
        </parameters>
        <schemas>
          <schema name="tHttpRequest_2">
            <column name="ResponseContent" key="false" type="String" length="" precision="" nullable="true" comment=""/>
          </schema>
        </schemas>
      </component>
      <component icon="pictures/tJavaFlex_2.png" uniqueName="tJavaFlex_2" label="parseClient">
        <input link="tJavaFlex_3">tJavaFlex_3</input>
        <output link="tJavaRow_3">tJavaRow_3</output>
        <componentType>tJavaFlex</componentType>
        <parameters>
          <column name="Unique Name" value="tJavaFlex_2"/>
          <column name="Component Name" value="tJavaFlex"/>
          <column name="Version" value="0.101 (ALPHA)"/>
          <column name="Family" value="Custom_Code"/>
          <column name="Start" value="false"/>
          <column name="Startable" value="true"/>
          <column name="SUBTREE_START" value="false"/>
          <column name="END_OF_FLOW" value="false"/>
          <column name="Activate" value="true"/>
          <column name="DUMMY" value="false"/>
          <column name="tStatCatcher Statistics" value="false"/>
          <column name="Help" value="org.talend.help.tJavaFlex"/>
          <column name="Update components" value="true"/>
          <column name="IREPORT_PATH" value=""/>
          <column name="JAVA_LIBRARY_PATH" value="/home/db/Apps/TOS_DI-20161216_1026-V6.3.1/configuration/lib/java"/>
          <column name="Subjob color" value=""/>
          <column name="Title color" value=""/>
          <column name="REPOSITORY_ALLOW_AUTO_SWITCH" value="true"/>
          <column name="Schema" value="Built-In"/>
          <column name="Data Auto Propagate" value="false"/>
          <column name="Start code" value=""/>
          <column name="Main code" value="Elements trTags = client.getElementsByTag(&quot;tr&quot;);
// get(1) instead of .last() because 'maticni broj' &lt;tr&gt; group has three &lt;td&gt; elements
for (Element trTag : trTags) {
	Elements tdTags = trTag.getElementsByTag(&quot;td&quot;);
	attributesMap.put(tdTags.first().text(), tdTags.get(1).text());
};
row7.attributesMap = attributesMap;
"/>
          <column name="End code" value="
      "/>
          <column name="TOS2.0" value="false"/>
          <column name="TOS3.2" value="false"/>
          <column name="TOS4.0" value="true"/>
          <column name="Import" value="// No need for redundant import, it's already done in previous javaFlex
// belonging to same joblet
//import java.util.HashMap;
//import org.jsoup.nodes.*;
//import org.jsoup.select.*;"/>
          <column name="Label format" value="parseClient"/>
          <column name="Hint format" value="&lt;b&gt;__UNIQUE_NAME__&lt;/b&gt;&lt;br&gt;__COMMENT__"/>
          <column name="Connection format" value="row"/>
          <column name="Show Information" value="false"/>
          <column name="Comment" value=""/>
          <column name="Use an existing validation rule" value="false"/>
          <column name="Validation Rule Type" value=""/>
        </parameters>
        <schemas>
          <schema name="tJavaFlex_2">
            <column name="attributesMap" key="false" type="Object" length="" precision="" nullable="false" comment=""/>
          </schema>
        </schemas>
      </component>
      <component icon="pictures/tJavaFlex_3.png" uniqueName="tJavaFlex_3" label="parsePage">
        <input link="tHttpRequest_2">tHttpRequest_2</input>
        <output link="tJavaFlex_2">tJavaFlex_2</output>
        <componentType>tJavaFlex</componentType>
        <parameters>
          <column name="Unique Name" value="tJavaFlex_3"/>
          <column name="Component Name" value="tJavaFlex"/>
          <column name="Version" value="0.101 (ALPHA)"/>
          <column name="Family" value="Custom_Code"/>
          <column name="Start" value="false"/>
          <column name="Startable" value="true"/>
          <column name="SUBTREE_START" value="false"/>
          <column name="END_OF_FLOW" value="true"/>
          <column name="Activate" value="true"/>
          <column name="DUMMY" value="false"/>
          <column name="tStatCatcher Statistics" value="false"/>
          <column name="Help" value="org.talend.help.tJavaFlex"/>
          <column name="Update components" value="true"/>
          <column name="IREPORT_PATH" value=""/>
          <column name="JAVA_LIBRARY_PATH" value="/home/db/Apps/TOS_DI-20161216_1026-V6.3.1/configuration/lib/java"/>
          <column name="Subjob color" value=""/>
          <column name="Title color" value=""/>
          <column name="REPOSITORY_ALLOW_AUTO_SWITCH" value="true"/>
          <column name="Schema" value="Built-In"/>
          <column name="Data Auto Propagate" value="false"/>
          <column name="Start code" value="// Client properties come key,value pairs. Every pair is enclosed in one &lt;tr&gt; tag.
// Object will be used in parseClient component
HashMap&lt;String, String&gt; attributesMap = new HashMap&lt;String, String&gt;();"/>
          <column name="Main code" value="// Parse html string into DOM object. This happens once per page
// Document type has to be fully qualified, because it's ambiguous to multiple
// other libraries.
// Method call has to be qualified either with custom routine package name
// if it's used through talend user routine dependancy or fully qualified
org.jsoup.nodes.Document doc = GithubExamples.parseHTML(row6.ResponseContent);


// Get all clients found on page. Each client has multiple properties to scrape
Elements clients =  doc.select(&quot;div[id^=ps_]&quot;);
for (Element client : clients) {
"/>
          <column name="End code" value="// end of the component, outside/closing the loop
};"/>
          <column name="TOS2.0" value="false"/>
          <column name="TOS3.2" value="false"/>
          <column name="TOS4.0" value="true"/>
          <column name="Import" value="import java.util.HashMap;
// Mandatory if Jsoup.parse method is called directly, instead through user routine
// import org.jsoup.Jsoup;
import org.jsoup.nodes.*;
import org.jsoup.select.*;
"/>
          <column name="Label format" value="parsePage"/>
          <column name="Hint format" value="&lt;b&gt;__UNIQUE_NAME__&lt;/b&gt;&lt;br&gt;__COMMENT__"/>
          <column name="Connection format" value="row"/>
          <column name="Show Information" value="true"/>
          <column name="Comment" value="Pattern: connect iterative JavaFlexes serially until you converge to the exact parsing target and parse it with the last JavaFlex. Last JavaFlex propagates data for further processing."/>
          <column name="Use an existing validation rule" value="false"/>
          <column name="Validation Rule Type" value=""/>
        </parameters>
        <schemas>
          <schema name="tJavaFlex_3"/>
        </schemas>
      </component>
      <component icon="pictures/tJavaRow_3.png" uniqueName="tJavaRow_3" label="getAttributes">
        <input link="tJavaFlex_2">tJavaFlex_2</input>
        <output link="tLogRow_1">tLogRow_1</output>
        <componentType>tJavaRow</componentType>
        <parameters>
          <column name="Unique Name" value="tJavaRow_3"/>
          <column name="Component Name" value="tJavaRow"/>
          <column name="Version" value="0.101 (ALPHA)"/>
          <column name="Family" value="Custom_Code"/>
          <column name="Startable" value="false"/>
          <column name="SUBTREE_START" value="false"/>
          <column name="END_OF_FLOW" value="false"/>
          <column name="Activate" value="true"/>
          <column name="DUMMY" value="false"/>
          <column name="tStatCatcher Statistics" value="false"/>
          <column name="Help" value="org.talend.help.tJavaRow"/>
          <column name="Update components" value="true"/>
          <column name="IREPORT_PATH" value=""/>
          <column name="JAVA_LIBRARY_PATH" value="/home/db/Apps/TOS_DI-20161216_1026-V6.3.1/configuration/lib/java"/>
          <column name="Subjob color" value=""/>
          <column name="Title color" value=""/>
          <column name="REPOSITORY_ALLOW_AUTO_SWITCH" value="true"/>
          <column name="Schema" value="Built-In"/>
          <column name="Code" value="//HashMap&lt;String, String&gt; clientMapJR = (HashMap&lt;String, String&gt;) input_row.clientMap;

// HashMap toString() dump example:
//{Telefaks=/ 481- 948, Broj zaposlenih=1, Delatnost=6831 Delatnost agencija za nekretnine, Adresa=De&#269;ka 78 &#352;imanovci, E-mail=ab-madia@trzistesrbije.com, PIB=, Naziv=A.B. MADIA DOO &#352;IMANOVCI, //DE&#268;KA 78, Telefon=022-481948, Veli&#269;ina=malo, Region=Sremski okrug, Kapital=me&#353;oviti, Mati&#269;ni broj=20248181, Web site=http://www.ab-madia.com, Svojina=privatno, Direktor='&#272;or&#273;e Arsenijevi&#263;'}

output_row.mbroj = ((HashMap&lt;String, String&gt;)input_row.attributesMap).get(&quot;Mati&#269;ni broj&quot;);
output_row.pib = ((HashMap&lt;String, String&gt;)input_row.attributesMap).get(&quot;PIB&quot;);
output_row.naziv = ((HashMap&lt;String, String&gt;)input_row.attributesMap).get(&quot;Naziv&quot;);
output_row.adresa = ((HashMap&lt;String, String&gt;)input_row.attributesMap).get(&quot;Adresa&quot;);
output_row.region = ((HashMap&lt;String, String&gt;)input_row.attributesMap).get(&quot;Region&quot;);
output_row.brojzap = ((HashMap&lt;String, String&gt;)input_row.attributesMap).get(&quot;Broj zaposlenih&quot;);
output_row.delatnost = ((HashMap&lt;String, String&gt;)input_row.attributesMap).get(&quot;Delatnost&quot;);
output_row.velicina = ((HashMap&lt;String, String&gt;)input_row.attributesMap).get(&quot;Veli&#269;ina&quot;);
output_row.tipkapital = ((HashMap&lt;String, String&gt;)input_row.attributesMap).get(&quot;Kapital&quot;);
output_row.direktor = ((HashMap&lt;String, String&gt;)input_row.attributesMap).get(&quot;Direktor&quot;);
output_row.email = ((HashMap&lt;String, String&gt;)input_row.attributesMap).get(&quot;E-mail&quot;);
output_row.telefon = ((HashMap&lt;String, String&gt;)input_row.attributesMap).get(&quot;Telefon&quot;);
output_row.telefaks = ((HashMap&lt;String, String&gt;)input_row.attributesMap).get(&quot;Telefaks&quot;);
output_row.web = ((HashMap&lt;String, String&gt;)input_row.attributesMap).get(&quot;Web site&quot;);
"/>
          <column name="Import" value="import java.util.HashMap;"/>
          <column name="Label format" value="getAttributes"/>
          <column name="Hint format" value="&lt;b&gt;__UNIQUE_NAME__&lt;/b&gt;&lt;br&gt;__COMMENT__"/>
          <column name="Connection format" value="row"/>
          <column name="Show Information" value="false"/>
          <column name="Comment" value=""/>
          <column name="Use an existing validation rule" value="false"/>
          <column name="Validation Rule Type" value=""/>
        </parameters>
        <schemas>
          <schema name="tJavaRow_3">
            <column name="mbroj" key="true" type="String" length="255" precision="" nullable="false" comment=""/>
            <column name="pib" key="false" type="String" length="255" precision="" nullable="true" comment=""/>
            <column name="naziv" key="false" type="String" length="255" precision="" nullable="true" comment=""/>
            <column name="adresa" key="false" type="String" length="255" precision="" nullable="true" comment=""/>
            <column name="region" key="false" type="String" length="255" precision="" nullable="true" comment=""/>
            <column name="brojzap" key="false" type="String" length="255" precision="" nullable="true" comment=""/>
            <column name="delatnost" key="false" type="String" length="255" precision="" nullable="true" comment=""/>
            <column name="velicina" key="false" type="String" length="255" precision="" nullable="true" comment=""/>
            <column name="tipkapital" key="false" type="String" length="255" precision="" nullable="true" comment=""/>
            <column name="direktor" key="false" type="String" length="255" precision="" nullable="true" comment=""/>
            <column name="email" key="false" type="String" length="255" precision="" nullable="true" comment=""/>
            <column name="telefon" key="false" type="String" length="255" precision="" nullable="true" comment=""/>
            <column name="telefaks" key="false" type="String" length="255" precision="" nullable="true" comment=""/>
            <column name="web" key="false" type="String" length="255" precision="" nullable="true" comment=""/>
          </schema>
        </schemas>
      </component>
      <component icon="pictures/tLogRow_1.png" uniqueName="tLogRow_1" label="resultLog">
        <input link="tJavaRow_3">tJavaRow_3</input>
        <output>none</output>
        <componentType>tLogRow</componentType>
        <parameters>
          <column name="Unique Name" value="tLogRow_1"/>
          <column name="Component Name" value="tLogRow"/>
          <column name="Version" value="0.101 (ALPHA)"/>
          <column name="Family" value="Logs_Errors"/>
          <column name="Startable" value="false"/>
          <column name="SUBTREE_START" value="false"/>
          <column name="END_OF_FLOW" value="true"/>
          <column name="Activate" value="true"/>
          <column name="DUMMY" value="false"/>
          <column name="tStatCatcher Statistics" value="false"/>
          <column name="Help" value="org.talend.help.tLogRow"/>
          <column name="Update components" value="true"/>
          <column name="IREPORT_PATH" value=""/>
          <column name="JAVA_LIBRARY_PATH" value="/home/db/Apps/TOS_DI-20161216_1026-V6.3.1/configuration/lib/java"/>
          <column name="Subjob color" value=""/>
          <column name="Title color" value=""/>
          <column name="REPOSITORY_ALLOW_AUTO_SWITCH" value="true"/>
          <column name="Schema" value="Built-In"/>
          <column name="Basic" value="false"/>
          <column name="Table (print values in cells of a table)" value="false"/>
          <column name="Vertical (each row is a key/value list)" value="true"/>
          <column name="Print unique name" value="true"/>
          <column name="Print label" value="false"/>
          <column name="Print unique name and label" value="false"/>
          <column name="Field Separator" value="&quot;|&quot;"/>
          <column name="Print header" value="false"/>
          <column name="Print component unique name in front of each output row" value="false"/>
          <column name="Print schema column name in front of each value" value="false"/>
          <column name="Use fixed length for values" value="false"/>
          <column name="Lengths" value="[{LENGTH=10, SCHEMA_COLUMN=mbroj}, {LENGTH=10, SCHEMA_COLUMN=pib}, {LENGTH=10, SCHEMA_COLUMN=naziv}, {LENGTH=10, SCHEMA_COLUMN=adresa}, {LENGTH=10, SCHEMA_COLUMN=region}, {LENGTH=10, SCHEMA_COLUMN=brojzap}, {LENGTH=10, SCHEMA_COLUMN=delatnost}, {LENGTH=10, SCHEMA_COLUMN=velicina}, {LENGTH=10, SCHEMA_COLUMN=tipkapital}, {LENGTH=10, SCHEMA_COLUMN=direktor}, {LENGTH=10, SCHEMA_COLUMN=email}, {LENGTH=10, SCHEMA_COLUMN=telefon}, {LENGTH=10, SCHEMA_COLUMN=telefaks}, {LENGTH=10, SCHEMA_COLUMN=web}]"/>
          <column name="Print content with log4j" value="true"/>
          <column name="Min column number of optimize code" value="100"/>
          <column name="Label format" value="resultLog"/>
          <column name="Hint format" value="&lt;b&gt;__UNIQUE_NAME__&lt;/b&gt;&lt;br&gt;__COMMENT__"/>
          <column name="Connection format" value="row"/>
          <column name="Show Information" value="false"/>
          <column name="Comment" value=""/>
          <column name="Use an existing validation rule" value="false"/>
          <column name="Validation Rule Type" value=""/>
        </parameters>
        <schemas>
          <schema name="tLogRow_1">
            <column name="mbroj" key="true" type="String" length="255" precision="" nullable="false" comment=""/>
            <column name="pib" key="false" type="String" length="255" precision="" nullable="true" comment=""/>
            <column name="naziv" key="false" type="String" length="255" precision="" nullable="true" comment=""/>
            <column name="adresa" key="false" type="String" length="255" precision="" nullable="true" comment=""/>
            <column name="region" key="false" type="String" length="255" precision="" nullable="true" comment=""/>
            <column name="brojzap" key="false" type="String" length="255" precision="" nullable="true" comment=""/>
            <column name="delatnost" key="false" type="String" length="255" precision="" nullable="true" comment=""/>
            <column name="velicina" key="false" type="String" length="255" precision="" nullable="true" comment=""/>
            <column name="tipkapital" key="false" type="String" length="255" precision="" nullable="true" comment=""/>
            <column name="direktor" key="false" type="String" length="255" precision="" nullable="true" comment=""/>
            <column name="email" key="false" type="String" length="255" precision="" nullable="true" comment=""/>
            <column name="telefon" key="false" type="String" length="255" precision="" nullable="true" comment=""/>
            <column name="telefaks" key="false" type="String" length="255" precision="" nullable="true" comment=""/>
            <column name="web" key="false" type="String" length="255" precision="" nullable="true" comment=""/>
          </schema>
        </schemas>
      </component>
      <component icon="pictures/tLoop_2.png" uniqueName="tLoop_2" label="loopPages">
        <input>none</input>
        <output link="tHttpRequest_2">tHttpRequest_2</output>
        <componentType>tLoop</componentType>
        <parameters>
          <column name="Unique Name" value="tLoop_2"/>
          <column name="Component Name" value="tLoop"/>
          <column name="Version" value="0.102 (ALPHA)"/>
          <column name="Family" value="Orchestration"/>
          <column name="Start" value="true"/>
          <column name="Startable" value="true"/>
          <column name="SUBTREE_START" value="true"/>
          <column name="END_OF_FLOW" value="true"/>
          <column name="Activate" value="true"/>
          <column name="DUMMY" value="false"/>
          <column name="tStatCatcher Statistics" value="false"/>
          <column name="Help" value="org.talend.help.tLoop"/>
          <column name="Update components" value="true"/>
          <column name="IREPORT_PATH" value=""/>
          <column name="JAVA_LIBRARY_PATH" value="/home/db/Apps/TOS_DI-20161216_1026-V6.3.1/configuration/lib/java"/>
          <column name="Subjob color" value=""/>
          <column name="Title color" value=""/>
          <column name="For" value="false"/>
          <column name="While" value="true"/>
          <column name="From" value="1"/>
          <column name="To" value="10"/>
          <column name="Step" value="1"/>
          <column name="Values are increasing" value="true"/>
          <column name="Declaration" value="int i=1"/>
          <column name="Condition" value="i &lt;= context.numLastPage"/>
          <column name="Iteration" value="i++"/>
          <column name="Label format" value="loopPages"/>
          <column name="Hint format" value="&lt;b&gt;__UNIQUE_NAME__&lt;/b&gt;&lt;br&gt;__COMMENT__"/>
          <column name="Connection format" value="row"/>
          <column name="Show Information" value="false"/>
          <column name="Comment" value=""/>
          <column name="Use an existing validation rule" value="false"/>
          <column name="Validation Rule Type" value=""/>
        </parameters>
      </component>
    </internalNodeComponents>
    <externalNodeComponents/>
    <connections>
      <connection label="Iterate" lineStyle="7" metaname="tLoop_2" offsetLabelX="0" offsetLabelY="0" source="tLoop_2" target="tHttpRequest_2"/>
      <connection label="row6" lineStyle="0" metaname="tHttpRequest_2" offsetLabelX="0" offsetLabelY="0" source="tHttpRequest_2" target="tJavaFlex_3"/>
      <connection label="Iterate" lineStyle="7" metaname="tJavaFlex_3" offsetLabelX="0" offsetLabelY="0" source="tJavaFlex_3" target="tJavaFlex_2"/>
      <connection label="row7" lineStyle="0" metaname="tJavaFlex_2" offsetLabelX="0" offsetLabelY="0" source="tJavaFlex_2" target="tJavaRow_3"/>
      <connection label="row1" lineStyle="0" metaname="tJavaRow_3" offsetLabelX="0" offsetLabelY="0" source="tJavaRow_3" target="tLogRow_1"/>
    </connections>
  </job>
</project>
