<?xml version="1.1" encoding="UTF-8"?>

<project i18n.job.generated.documetation="Generated documentation" i18n.job.project.name="Project Name" i18n.job.generated.date="GENERATION DATE" i18n.job.author="AUTHOR" i18n.job.summary="Summary" i18n.job.project.description="Project Description" i18n.job.job.description="Description" i18n.job.job.preview.picture="Preview Picture" i18n.job.job.setting="Settings" i18n.job.context.list="Context List" i18n.job.component.list="Component List" i18n.job.components.description="Components Description" i18n.job.source.code="Source Code" i18n.job.properties="Properties" i18n.job.values="Values" i18n.job.name="Name" i18n.job.language="Language" i18n.job.description="Description" i18n.job.author.min="Author" i18n.job.version="Version" i18n.job.purpose="Purpose" i18n.job.status="Status" i18n.job.creation="Creation" i18n.job.modification="Modification" i18n.job.extract.settings="Extra settings" i18n.job.value="Value" i18n.job.stats.logs="Status &amp; Logs" i18n.job.context="Context" i18n.job.promt="Prompt" i18n.job.need.promt="Need Prompt?" i18n.job.type="Type" i18n.job.source="Source" i18n.job.component.name="Component Name" i18n.job.component.type="Component Type" i18n.job.component="Component" i18n.job.unique.name="UNIQUE NAME" i18n.job.input="INPUT(S)" i18n.job.label="LABEL" i18n.job.output="OUTPUT(S)" i18n.job.component.parameters="Component Parameters:" i18n.job.schema.for="Schema for " i18n.job.column="Column" i18n.job.key="Key" i18n.job.length="Length" i18n.job.precision="Precision" i18n.job.nullable="Nullable" i18n.job.comment="Comment" i18n.job.original.function.parameters="Original Function Parameters:" i18n.job.ended="ended" i18n.job.content="content" i18n.route.manifest.type="Type" i18n.route.manifest.value="Value" i18n.route.resource.name="Name" i18n.route.resource.version="Version" i18n.route.resource.path="Path" name="Main" logo="pictures/logo.jpg" title="Generated by Talend Open Studio for Data Integration" link="http://www.talend.com" language="java" generatedDate="Apr 28, 2017 9:47:50 PM" versionName="Talend Open Studio VERSION " version="6.3.1.20161216_1026" docType="Jobs" company="">
  <pro-description><![CDATA[]]></pro-description>
  <job name="JoinHashInOut" author="" i18n.job.extract.settings.type="i18n.job.extract.settings" i18n.job.stats.logs.type="i18n.job.stats.logs" version="0.2" purpose="" status="DEV" creation="Feb 24, 2013 3:35:31 PM" modification="Apr 28, 2017 6:45:57 PM">
    <description><![CDATA[<br/>]]></description>
    <preview picture="pictures/JoinHashInOut_0.2.png"/>
    <contextList>
      <context name="Dev">
        <contextParameter name="sqlitedb" prompt="sqlitedb?" promptNeeded="false" type="id_File" value="/home/db/project/talend/Resources/MAIN/sqliteStorage.db" source="JoinHashInOut"/>
      </context>
    </contextList>
    <jobSetting>
      <extra>
        <jobParameter name="COMP_DEFAULT_FILE_DIR" value=""/>
        <jobParameter name="Multi thread execution" value="false"/>
        <jobParameter name="Implicit tContextLoad" value="false"/>
      </extra>
      <Statslogs>
        <jobParameter name="Use statistics (tStatCatcher)" value="true"/>
        <jobParameter name="Use logs (tLogCatcher)" value="true"/>
        <jobParameter name="Use volumetrics (tFlowMeterCatcher)" value="true"/>
        <jobParameter name="On Console" value="false"/>
        <jobParameter name="On Files" value="false"/>
        <jobParameter name="On Databases" value="false"/>
        <jobParameter name="Catch components statistics" value="false"/>
        <jobParameter name="Catch runtime errors" value="true"/>
        <jobParameter name="Catch user errors" value="true"/>
        <jobParameter name="Catch user warnings" value="true"/>
      </Statslogs>
    </jobSetting>
    <componentList>
      <componentItem name="tFilterRow_1" link="tFilterRow_1" type="tFilterRow" leftTopX="960" leftTopY="352" rightBottomX="992" rightBottomY="384"/>
      <componentItem name="tFlowToIterate_1" link="tFlowToIterate_1" type="tFlowToIterate" leftTopX="480" leftTopY="352" rightBottomX="512" rightBottomY="384"/>
      <componentItem name="tForeach_1" link="tForeach_1" type="tForeach" leftTopX="160" leftTopY="32" rightBottomX="192" rightBottomY="64"/>
      <componentItem name="tHashInput_1" link="tHashInput_1" type="tHashInput" leftTopX="640" leftTopY="352" rightBottomX="672" rightBottomY="384"/>
      <componentItem name="tHashOutput_1" link="tHashOutput_1" type="tHashOutput" leftTopX="480" leftTopY="224" rightBottomX="512" rightBottomY="256"/>
      <componentItem name="tJavaRow_3" link="tJavaRow_3" type="tJavaRow" leftTopX="800" leftTopY="352" rightBottomX="832" rightBottomY="384"/>
      <componentItem name="tLogRow_1" link="tLogRow_1" type="tLogRow" leftTopX="320" leftTopY="544" rightBottomX="352" rightBottomY="576"/>
      <componentItem name="tReplace_1" link="tReplace_1" type="tReplace" leftTopX="320" leftTopY="224" rightBottomX="352" rightBottomY="256"/>
      <componentItem name="tReplace_2" link="tReplace_2" type="tReplace" leftTopX="320" leftTopY="352" rightBottomX="352" rightBottomY="384"/>
      <componentItem name="tSQLiteConnection_1" link="tSQLiteConnection_1" type="tSQLiteConnection" leftTopX="32" leftTopY="32" rightBottomX="64" rightBottomY="64"/>
      <componentItem name="tSQLiteInput_1" link="tSQLiteInput_1" type="tSQLiteInput" leftTopX="160" leftTopY="224" rightBottomX="192" rightBottomY="256"/>
      <componentItem name="tSQLiteInput_2" link="tSQLiteInput_2" type="tSQLiteInput" leftTopX="160" leftTopY="352" rightBottomX="192" rightBottomY="384"/>
      <componentItem name="tSQLiteInput_3" link="tSQLiteInput_3" type="tSQLiteInput" leftTopX="160" leftTopY="544" rightBottomX="192" rightBottomY="576"/>
      <componentItem name="tSQLiteOutput_1" link="tSQLiteOutput_1" type="tSQLiteOutput" leftTopX="1120" leftTopY="352" rightBottomX="1152" rightBottomY="384"/>
      <componentItem name="tSQLiteRow_1" link="tSQLiteRow_1" type="tSQLiteRow" leftTopX="320" leftTopY="32" rightBottomX="352" rightBottomY="64"/>
    </componentList>
    <internalNodeComponents>
      <component icon="pictures/tFilterRow_1.png" uniqueName="tFilterRow_1" label="takePositives">
        <input link="tJavaRow_3">tJavaRow_3</input>
        <output link="tSQLiteOutput_1">tSQLiteOutput_1</output>
        <componentType>tFilterRow</componentType>
        <parameters>
          <column name="Unique Name" value="tFilterRow_1"/>
          <column name="Component Name" value="tFilterRow"/>
          <column name="Version" value="0.102 (ALPHA)"/>
          <column name="Family" value="Processing"/>
          <column name="Startable" value="false"/>
          <column name="SUBTREE_START" value="false"/>
          <column name="END_OF_FLOW" value="false"/>
          <column name="Activate" value="true"/>
          <column name="DUMMY" value="false"/>
          <column name="tStatCatcher Statistics" value="false"/>
          <column name="Help" value="org.talend.help.tFilterRow"/>
          <column name="Update components" value="true"/>
          <column name="IREPORT_PATH" value=""/>
          <column name="JAVA_LIBRARY_PATH" value="/home/db/Apps/TOS_DI-20161216_1026-V6.3.1/configuration/lib/java"/>
          <column name="Subjob color" value=""/>
          <column name="Title color" value=""/>
          <column name="REPOSITORY_ALLOW_AUTO_SWITCH" value="true"/>
          <column name="Schema" value="Built-In"/>
          <column name="Schema" value="Built-In"/>
          <column name="Schema" value="Built-In"/>
          <column name="Logical operator used to combine conditions" value="&amp;&amp;"/>
          <column name="Conditions" value="[]"/>
          <column name="Use advanced mode" value="true"/>
          <column name="Advanced" value="// code sample : use input_row to define the condition.
// input_row.columnName1.equals(&quot;foo&quot;) ||!(input_row.columnName2.equals(&quot;bar&quot;))
// replace the following expression by your own filter condition 
input_row.ynMatched == true
//input_row.ynMatched == false
			"/>
          <column name="Label format" value="takePositives"/>
          <column name="Hint format" value="&lt;b&gt;__UNIQUE_NAME__&lt;/b&gt;&lt;br&gt;__COMMENT__"/>
          <column name="Connection format" value="row"/>
          <column name="Show Information" value="false"/>
          <column name="Comment" value=""/>
          <column name="Use an existing validation rule" value="false"/>
          <column name="Validation Rule Type" value=""/>
        </parameters>
        <schemas>
          <schema name="tFilterRow_1">
            <column name="mainFlow" key="false" type="String" length="512" precision="" nullable="false" comment=""/>
            <column name="lookupFlow" key="false" type="String" length="512" precision="" nullable="true" comment=""/>
            <column name="ynMatched" key="false" type="Boolean" length="" precision="" nullable="true" comment=""/>
          </schema>
        </schemas>
      </component>
      <component icon="pictures/tFlowToIterate_1.png" uniqueName="tFlowToIterate_1" label="forEachMain">
        <input link="tReplace_2">tReplace_2</input>
        <output link="tHashInput_1">tHashInput_1</output>
        <componentType>tFlowToIterate</componentType>
        <parameters>
          <column name="Unique Name" value="tFlowToIterate_1"/>
          <column name="Component Name" value="tFlowToIterate"/>
          <column name="Version" value="0.101 (ALPHA)"/>
          <column name="Family" value="Orchestration"/>
          <column name="Startable" value="false"/>
          <column name="SUBTREE_START" value="false"/>
          <column name="END_OF_FLOW" value="true"/>
          <column name="Activate" value="true"/>
          <column name="DUMMY" value="false"/>
          <column name="tStatCatcher Statistics" value="false"/>
          <column name="Help" value="org.talend.help.tFlowToIterate"/>
          <column name="Update components" value="true"/>
          <column name="IREPORT_PATH" value=""/>
          <column name="JAVA_LIBRARY_PATH" value="/home/db/Apps/TOS_DI-20161216_1026-V6.3.1/configuration/lib/java"/>
          <column name="Subjob color" value=""/>
          <column name="Title color" value=""/>
          <column name="Use the default (key, value) in global variables." value="true"/>
          <column name="Customize" value="[]"/>
          <column name="Schema" value="Built-In"/>
          <column name="Label format" value="forEachMain"/>
          <column name="Hint format" value="&lt;b&gt;__UNIQUE_NAME__&lt;/b&gt;&lt;br&gt;__COMMENT__"/>
          <column name="Connection format" value="row"/>
          <column name="Show Information" value="false"/>
          <column name="Comment" value=""/>
          <column name="Use an existing validation rule" value="false"/>
          <column name="Validation Rule Type" value=""/>
        </parameters>
        <schemas>
          <schema name="tFlowToIterate_1"/>
        </schemas>
      </component>
      <component icon="pictures/tForeach_1.png" uniqueName="tForeach_1" label="prepQueries">
        <input link="tSQLiteConnection_1">tSQLiteConnection_1</input>
        <output link="tSQLiteRow_1">tSQLiteRow_1</output>
        <output link="tSQLiteInput_1">tSQLiteInput_1</output>
        <componentType>tForeach</componentType>
        <parameters>
          <column name="Unique Name" value="tForeach_1"/>
          <column name="Component Name" value="tForeach"/>
          <column name="Version" value="0.102 (ALPHA)"/>
          <column name="Family" value="Orchestration"/>
          <column name="Start" value="false"/>
          <column name="Startable" value="true"/>
          <column name="SUBTREE_START" value="true"/>
          <column name="END_OF_FLOW" value="true"/>
          <column name="Activate" value="true"/>
          <column name="DUMMY" value="false"/>
          <column name="tStatCatcher Statistics" value="false"/>
          <column name="Help" value="org.talend.help.tForeach"/>
          <column name="Update components" value="true"/>
          <column name="IREPORT_PATH" value=""/>
          <column name="JAVA_LIBRARY_PATH" value="/home/db/Apps/TOS_DI-20161216_1026-V6.3.1/configuration/lib/java"/>
          <column name="Subjob color" value=""/>
          <column name="Title color" value=""/>
          <column name="Values" value="[{VALUE=&quot;DELETE FROM op_biq1&quot;}]"/>
          <column name="Label format" value="prepQueries"/>
          <column name="Hint format" value="&lt;b&gt;__UNIQUE_NAME__&lt;/b&gt;&lt;br&gt;__COMMENT__"/>
          <column name="Connection format" value="row"/>
          <column name="Show Information" value="false"/>
          <column name="Comment" value=""/>
          <column name="Use an existing validation rule" value="false"/>
          <column name="Validation Rule Type" value=""/>
        </parameters>
      </component>
      <component icon="pictures/tHashInput_1.png" uniqueName="tHashInput_1" label="useLookupTable">
        <input link="tFlowToIterate_1">tFlowToIterate_1</input>
        <output link="tJavaRow_3">tJavaRow_3</output>
        <componentType>tHashInput</componentType>
        <parameters>
          <column name="Unique Name" value="tHashInput_1"/>
          <column name="Component Name" value="tHashInput"/>
          <column name="Version" value="0.102 (ALPHA)"/>
          <column name="Family" value="Technical"/>
          <column name="Start" value="false"/>
          <column name="Startable" value="true"/>
          <column name="SUBTREE_START" value="false"/>
          <column name="END_OF_FLOW" value="false"/>
          <column name="Activate" value="true"/>
          <column name="DUMMY" value="false"/>
          <column name="tStatCatcher Statistics" value="false"/>
          <column name="Help" value="org.talend.help.Hash"/>
          <column name="Update components" value="true"/>
          <column name="IREPORT_PATH" value=""/>
          <column name="JAVA_LIBRARY_PATH" value="/home/db/Apps/TOS_DI-20161216_1026-V6.3.1/configuration/lib/java"/>
          <column name="Subjob color" value=""/>
          <column name="Title color" value=""/>
          <column name="REPOSITORY_ALLOW_AUTO_SWITCH" value="true"/>
          <column name="Schema" value="Built-In"/>
          <column name="Link with a tHashOutput" value="true"/>
          <column name="Component list" value="tHashOutput_1"/>
          <column name="Data from file" value="&quot;/home/db/workspace/in.hash&quot;"/>
          <column name="Clear cache after reading" value="false"/>
          <column name="Label format" value="useLookupTable"/>
          <column name="Hint format" value="&lt;b&gt;__UNIQUE_NAME__&lt;/b&gt;&lt;br&gt;__COMMENT__"/>
          <column name="Connection format" value="row"/>
          <column name="Show Information" value="false"/>
          <column name="Comment" value=""/>
          <column name="Use an existing validation rule" value="false"/>
          <column name="Validation Rule Type" value=""/>
        </parameters>
        <schemas>
          <schema name="tHashInput_1">
            <column name="srcLookup" key="false" type="String" length="512" precision="" nullable="false" comment=""/>
          </schema>
        </schemas>
      </component>
      <component icon="pictures/tHashOutput_1.png" uniqueName="tHashOutput_1" label="buildLookupTable">
        <input link="tReplace_1">tReplace_1</input>
        <output>none</output>
        <componentType>tHashOutput</componentType>
        <parameters>
          <column name="Unique Name" value="tHashOutput_1"/>
          <column name="Component Name" value="tHashOutput"/>
          <column name="Version" value="0.101 (ALPHA)"/>
          <column name="Family" value="Technical"/>
          <column name="Startable" value="false"/>
          <column name="SUBTREE_START" value="false"/>
          <column name="END_OF_FLOW" value="true"/>
          <column name="Activate" value="true"/>
          <column name="DUMMY" value="false"/>
          <column name="tStatCatcher Statistics" value="false"/>
          <column name="Help" value="org.talend.help.Hash"/>
          <column name="Update components" value="true"/>
          <column name="IREPORT_PATH" value=""/>
          <column name="JAVA_LIBRARY_PATH" value="/home/db/Apps/TOS_DI-20161216_1026-V6.3.1/configuration/lib/java"/>
          <column name="Subjob color" value=""/>
          <column name="Title color" value=""/>
          <column name="REPOSITORY_ALLOW_AUTO_SWITCH" value="true"/>
          <column name="Schema" value="Built-In"/>
          <column name="Link with a tHashOutput" value="false"/>
          <column name="Component list" value=""/>
          <column name="Data write model" value="MEMORY"/>
          <column name="File to persist data" value="&quot;/home/db/workspace/in.hash&quot;"/>
          <column name="Max memory heap size(MB)" value="2"/>
          <column name="Keys management" value="KEEP_ALL"/>
          <column name="Append" value="false"/>
          <column name="hash key from input connector" value="true"/>
          <column name="Label format" value="buildLookupTable"/>
          <column name="Hint format" value="&lt;b&gt;__UNIQUE_NAME__&lt;/b&gt;&lt;br&gt;__COMMENT__"/>
          <column name="Connection format" value="row"/>
          <column name="Show Information" value="true"/>
          <column name="Comment" value="Instead of tJavaFlex and building lookup table as HashMap manually, we can use technical component to do the same. Use &quot;palette filter&quot; button to make them visible if you don't see them listed in your palette."/>
          <column name="Use an existing validation rule" value="false"/>
          <column name="Validation Rule Type" value=""/>
        </parameters>
        <schemas>
          <schema name="tHashOutput_1">
            <column name="name" key="false" type="String" length="512" precision="" nullable="true" comment=""/>
          </schema>
        </schemas>
      </component>
      <component icon="pictures/tJavaRow_3.png" uniqueName="tJavaRow_3" label="complexJoin">
        <input link="tHashInput_1">tHashInput_1</input>
        <output link="tFilterRow_1">tFilterRow_1</output>
        <componentType>tJavaRow</componentType>
        <parameters>
          <column name="Unique Name" value="tJavaRow_3"/>
          <column name="Component Name" value="tJavaRow"/>
          <column name="Version" value="0.101 (ALPHA)"/>
          <column name="Family" value="Custom_Code"/>
          <column name="Startable" value="false"/>
          <column name="SUBTREE_START" value="false"/>
          <column name="END_OF_FLOW" value="false"/>
          <column name="Activate" value="true"/>
          <column name="DUMMY" value="false"/>
          <column name="tStatCatcher Statistics" value="false"/>
          <column name="Help" value="org.talend.help.tJavaRow"/>
          <column name="Update components" value="true"/>
          <column name="IREPORT_PATH" value=""/>
          <column name="JAVA_LIBRARY_PATH" value="/home/db/Apps/TOS_DI-20161216_1026-V6.3.1/configuration/lib/java"/>
          <column name="Subjob color" value=""/>
          <column name="Title color" value=""/>
          <column name="REPOSITORY_ALLOW_AUTO_SWITCH" value="true"/>
          <column name="Schema" value="Built-In"/>
          <column name="Code" value="
output_row.mainFlow = ((String)globalMap.get(&quot;row4.name&quot;));
output_row.lookupFlow = input_row.srcLookup;
// In subsequent filter step only True outcomes will be kept. 
// This pattern implements a type of inner join with arbitrary logic
// placed in java method, that can involve data types beyond talend types
// In this case the logic is:
// If all words (space treated as separator) in shorter string are to be found
// in longer string, then the outcome is True.
output_row.ynMatched = 
		GithubExamples.containsAllWords(((String)globalMap.get(&quot;row4.name&quot;)), 
										 input_row.srcLookup);

"/>
          <column name="Import" value="//import java.util.List;"/>
          <column name="Label format" value="complexJoin"/>
          <column name="Hint format" value="&lt;b&gt;__UNIQUE_NAME__&lt;/b&gt;&lt;br&gt;__COMMENT__"/>
          <column name="Connection format" value="row"/>
          <column name="Show Information" value="false"/>
          <column name="Comment" value=""/>
          <column name="Use an existing validation rule" value="false"/>
          <column name="Validation Rule Type" value=""/>
        </parameters>
        <schemas>
          <schema name="tJavaRow_3">
            <column name="mainFlow" key="false" type="String" length="512" precision="" nullable="false" comment=""/>
            <column name="lookupFlow" key="false" type="String" length="512" precision="" nullable="true" comment=""/>
            <column name="ynMatched" key="false" type="Boolean" length="" precision="" nullable="true" comment=""/>
          </schema>
        </schemas>
      </component>
      <component icon="pictures/tLogRow_1.png" uniqueName="tLogRow_1" label="resultLog">
        <input link="tSQLiteInput_3">tSQLiteInput_3</input>
        <output>none</output>
        <componentType>tLogRow</componentType>
        <parameters>
          <column name="Unique Name" value="tLogRow_1"/>
          <column name="Component Name" value="tLogRow"/>
          <column name="Version" value="0.101 (ALPHA)"/>
          <column name="Family" value="Logs_Errors"/>
          <column name="Startable" value="false"/>
          <column name="SUBTREE_START" value="false"/>
          <column name="END_OF_FLOW" value="true"/>
          <column name="Activate" value="true"/>
          <column name="DUMMY" value="false"/>
          <column name="tStatCatcher Statistics" value="false"/>
          <column name="Help" value="org.talend.help.tLogRow"/>
          <column name="Update components" value="true"/>
          <column name="IREPORT_PATH" value=""/>
          <column name="JAVA_LIBRARY_PATH" value="/home/db/Apps/TOS_DI-20161216_1026-V6.3.1/configuration/lib/java"/>
          <column name="Subjob color" value=""/>
          <column name="Title color" value=""/>
          <column name="REPOSITORY_ALLOW_AUTO_SWITCH" value="true"/>
          <column name="Schema" value="Built-In"/>
          <column name="Basic" value="false"/>
          <column name="Table (print values in cells of a table)" value="true"/>
          <column name="Vertical (each row is a key/value list)" value="false"/>
          <column name="Print unique name" value="true"/>
          <column name="Print label" value="false"/>
          <column name="Print unique name and label" value="false"/>
          <column name="Field Separator" value="&quot;|&quot;"/>
          <column name="Print header" value="false"/>
          <column name="Print component unique name in front of each output row" value="false"/>
          <column name="Print schema column name in front of each value" value="false"/>
          <column name="Use fixed length for values" value="false"/>
          <column name="Lengths" value="[{LENGTH=10, SCHEMA_COLUMN=num_distinct_categories_found}]"/>
          <column name="Print content with log4j" value="true"/>
          <column name="Min column number of optimize code" value="100"/>
          <column name="Label format" value="resultLog"/>
          <column name="Hint format" value="&lt;b&gt;__UNIQUE_NAME__&lt;/b&gt;&lt;br&gt;__COMMENT__"/>
          <column name="Connection format" value="row"/>
          <column name="Show Information" value="false"/>
          <column name="Comment" value=""/>
          <column name="Use an existing validation rule" value="false"/>
          <column name="Validation Rule Type" value=""/>
        </parameters>
        <schemas>
          <schema name="tLogRow_1">
            <column name="num_distinct_categories_found" key="false" type="Integer" length="" precision="" nullable="true" comment=""/>
          </schema>
        </schemas>
      </component>
      <component icon="pictures/tReplace_1.png" uniqueName="tReplace_1" label="regexpTrim">
        <input link="tSQLiteInput_1">tSQLiteInput_1</input>
        <output link="tHashOutput_1">tHashOutput_1</output>
        <componentType>tReplace</componentType>
        <parameters>
          <column name="Unique Name" value="tReplace_1"/>
          <column name="Component Name" value="tReplace"/>
          <column name="Version" value="0.101 (ALPHA)"/>
          <column name="Family" value="Processing"/>
          <column name="Startable" value="false"/>
          <column name="SUBTREE_START" value="false"/>
          <column name="END_OF_FLOW" value="false"/>
          <column name="Activate" value="true"/>
          <column name="DUMMY" value="false"/>
          <column name="tStatCatcher Statistics" value="false"/>
          <column name="Help" value="org.talend.help.tReplace"/>
          <column name="Update components" value="true"/>
          <column name="IREPORT_PATH" value=""/>
          <column name="JAVA_LIBRARY_PATH" value="/home/db/Apps/TOS_DI-20161216_1026-V6.3.1/configuration/lib/java"/>
          <column name="Subjob color" value=""/>
          <column name="Title color" value=""/>
          <column name="REPOSITORY_ALLOW_AUTO_SWITCH" value="true"/>
          <column name="Schema" value="Built-In"/>
          <column name="Simple mode" value="false"/>
          <column name="Search/Replace" value="[]"/>
          <column name="!!!STRICT_MATCH.NAME!!!" value="true"/>
          <column name="Advanced mode ( search with regexp pattern )" value="true"/>
          <column name="Regexp patterns" value="[{REPLACE_COLUMN=&quot;&quot;, INPUT_COLUMN=name, SEARCH_COLUMN=&quot;^\\W+|[^\\w%]+$&quot;, COMMENT=Remove spec chars from text beginning or end.Preserve % sign.}, {REPLACE_COLUMN=&quot; &quot;, INPUT_COLUMN=name, SEARCH_COLUMN=&quot;\\s+\\W+|[^\\w%]+\\s+&quot;, COMMENT=Remove spec chars  at each word beginning or end. Preserve them inside. Preserve % sign.}, {REPLACE_COLUMN=&quot;&quot;, INPUT_COLUMN=name, SEARCH_COLUMN=&quot;(?&lt;!\\S)[a-zA-Z]{1,2}(?!\\S)&quot;, COMMENT=Remove all words of 1 or 2 chars length. These are units of measurement and conjuctions.Preserve numbers.}]"/>
          <column name="Label format" value="regexpTrim"/>
          <column name="Hint format" value="&lt;b&gt;__UNIQUE_NAME__&lt;/b&gt;&lt;br&gt;__COMMENT__"/>
          <column name="Connection format" value="row"/>
          <column name="Show Information" value="true"/>
          <column name="Comment" value="Be aware of namespace conflict between this component and talend framework (StringUtils lib)."/>
          <column name="Use an existing validation rule" value="false"/>
          <column name="Validation Rule Type" value=""/>
        </parameters>
        <schemas>
          <schema name="tReplace_1">
            <column name="name" key="false" type="String" length="512" precision="" nullable="true" comment=""/>
          </schema>
        </schemas>
      </component>
      <component icon="pictures/tReplace_2.png" uniqueName="tReplace_2" label="regexpTrim">
        <input link="tSQLiteInput_2">tSQLiteInput_2</input>
        <output link="tFlowToIterate_1">tFlowToIterate_1</output>
        <componentType>tReplace</componentType>
        <parameters>
          <column name="Unique Name" value="tReplace_2"/>
          <column name="Component Name" value="tReplace"/>
          <column name="Version" value="0.101 (ALPHA)"/>
          <column name="Family" value="Processing"/>
          <column name="Startable" value="false"/>
          <column name="SUBTREE_START" value="false"/>
          <column name="END_OF_FLOW" value="false"/>
          <column name="Activate" value="true"/>
          <column name="DUMMY" value="false"/>
          <column name="tStatCatcher Statistics" value="false"/>
          <column name="Help" value="org.talend.help.tReplace"/>
          <column name="Update components" value="true"/>
          <column name="IREPORT_PATH" value=""/>
          <column name="JAVA_LIBRARY_PATH" value="/home/db/Apps/TOS_DI-20161216_1026-V6.3.1/configuration/lib/java"/>
          <column name="Subjob color" value=""/>
          <column name="Title color" value=""/>
          <column name="REPOSITORY_ALLOW_AUTO_SWITCH" value="true"/>
          <column name="Schema" value="Built-In"/>
          <column name="Simple mode" value="false"/>
          <column name="Search/Replace" value="[]"/>
          <column name="!!!STRICT_MATCH.NAME!!!" value="true"/>
          <column name="Advanced mode ( search with regexp pattern )" value="true"/>
          <column name="Regexp patterns" value="[{REPLACE_COLUMN=&quot;&quot;, INPUT_COLUMN=name, SEARCH_COLUMN=&quot;^\\W+|[^\\w%]+$&quot;, COMMENT=Remove spec chars from text beginning or end.Preserve % sign.}, {REPLACE_COLUMN=&quot; &quot;, INPUT_COLUMN=name, SEARCH_COLUMN=&quot;\\s+\\W+|[^\\w%]+\\s+&quot;, COMMENT=Remove spec chars  at each word beginning or end. Preserve them inside. Preserve % sign.}, {REPLACE_COLUMN=&quot;&quot;, INPUT_COLUMN=name, SEARCH_COLUMN=&quot;(?&lt;!\\S)[a-zA-Z]{1,2}(?!\\S)&quot;, COMMENT=Remove all words of 1 or 2 chars length. These are units of measurement and conjuctions.Preserve numbers.}]"/>
          <column name="Label format" value="regexpTrim"/>
          <column name="Hint format" value="&lt;b&gt;__UNIQUE_NAME__&lt;/b&gt;&lt;br&gt;__COMMENT__"/>
          <column name="Connection format" value="row"/>
          <column name="Show Information" value="true"/>
          <column name="Comment" value="Has to be identical to the one preparing lookup table."/>
          <column name="Use an existing validation rule" value="false"/>
          <column name="Validation Rule Type" value=""/>
        </parameters>
        <schemas>
          <schema name="tReplace_2">
            <column name="name" key="false" type="String" length="512" precision="" nullable="false" comment=""/>
          </schema>
        </schemas>
      </component>
      <component icon="pictures/tSQLiteConnection_1.png" uniqueName="tSQLiteConnection_1" label="localConnect">
        <input>none</input>
        <output link="tForeach_1">tForeach_1</output>
        <componentType>tSQLiteConnection</componentType>
        <parameters>
          <column name="Unique Name" value="tSQLiteConnection_1"/>
          <column name="Component Name" value="tSQLiteConnection"/>
          <column name="Version" value="0.102 (ALPHA)"/>
          <column name="Family" value="Databases/SQLite|ELT/Connections"/>
          <column name="Start" value="true"/>
          <column name="Startable" value="true"/>
          <column name="SUBTREE_START" value="true"/>
          <column name="END_OF_FLOW" value="true"/>
          <column name="Activate" value="true"/>
          <column name="DUMMY" value="false"/>
          <column name="tStatCatcher Statistics" value="false"/>
          <column name="Help" value="org.talend.help.tSQLiteConnection"/>
          <column name="Update components" value="true"/>
          <column name="IREPORT_PATH" value=""/>
          <column name="JAVA_LIBRARY_PATH" value="/home/db/Apps/TOS_DI-20161216_1026-V6.3.1/configuration/lib/java"/>
          <column name="Subjob color" value=""/>
          <column name="Title color" value=""/>
          <column name="Property Type" value="Built-In"/>
          <column name="Database" value="context.sqlitedb"/>
          <column name="Use or register a shared DB Connection" value="false"/>
          <column name="Shared DB Connection Name" value=""/>
          <column name="Auto Commit" value="true"/>
          <column name="Label format" value="localConnect"/>
          <column name="Hint format" value="&lt;b&gt;__UNIQUE_NAME__&lt;/b&gt;&lt;br&gt;__COMMENT__"/>
          <column name="Connection format" value="row"/>
          <column name="Show Information" value="false"/>
          <column name="Comment" value=""/>
          <column name="Use an existing validation rule" value="false"/>
          <column name="Validation Rule Type" value=""/>
        </parameters>
      </component>
      <component icon="pictures/tSQLiteInput_1.png" uniqueName="tSQLiteInput_1" label="categoryName">
        <input link="tForeach_1">tForeach_1</input>
        <output link="tReplace_1">tReplace_1</output>
        <output link="tSQLiteInput_2">tSQLiteInput_2</output>
        <componentType>tSQLiteInput</componentType>
        <parameters>
          <column name="Unique Name" value="tSQLiteInput_1"/>
          <column name="Component Name" value="tSQLiteInput"/>
          <column name="Version" value="0.102 (ALPHA)"/>
          <column name="Family" value="Databases/SQLite"/>
          <column name="Start" value="false"/>
          <column name="Startable" value="true"/>
          <column name="SUBTREE_START" value="true"/>
          <column name="END_OF_FLOW" value="false"/>
          <column name="Activate" value="true"/>
          <column name="DUMMY" value="false"/>
          <column name="tStatCatcher Statistics" value="false"/>
          <column name="Help" value="org.talend.help.tSQLiteInput"/>
          <column name="Update components" value="true"/>
          <column name="IREPORT_PATH" value=""/>
          <column name="JAVA_LIBRARY_PATH" value="/home/db/Apps/TOS_DI-20161216_1026-V6.3.1/configuration/lib/java"/>
          <column name="Subjob color" value=""/>
          <column name="Title color" value=""/>
          <column name="Property Type" value="Built-In"/>
          <column name="Use an existing connection" value="true"/>
          <column name="Component List" value="tSQLiteConnection_1"/>
          <column name="Database" value="&quot;/home/db/Documents/BagIQ/devdata/bb_prod.db&quot;"/>
          <column name="Database Driver" value="SQLITE"/>
          <column name="REPOSITORY_ALLOW_AUTO_SWITCH" value="true"/>
          <column name="Schema" value="Built-In"/>
          <column name="Table Name" value="&quot;biq_categories_am_raw&quot;"/>
          <column name="Query Type" value="Built-In"/>
          <column name="Guess Schema" value="&quot;&quot;"/>
          <column name="Query" value="&quot;SELECT biq_categories_am_raw.name 
FROM	 biq_categories_am_raw&quot;"/>
          <column name="Encoding" value="&quot;ISO-8859-15&quot;"/>
          <column name="Trim all the String/Char columns" value="true"/>
          <column name="Trim column" value="[{TRIM=false, SCHEMA_COLUMN=name}]"/>
          <column name="Label format" value="categoryName"/>
          <column name="Hint format" value="&lt;b&gt;__UNIQUE_NAME__&lt;/b&gt;&lt;br&gt;__COMMENT__"/>
          <column name="Connection format" value="row"/>
          <column name="Show Information" value="false"/>
          <column name="Comment" value=""/>
          <column name="Use an existing validation rule" value="false"/>
          <column name="Validation Rule Type" value=""/>
        </parameters>
        <schemas>
          <schema name="tSQLiteInput_1">
            <column name="name" key="false" type="String" length="512" precision="" nullable="false" comment=""/>
          </schema>
        </schemas>
      </component>
      <component icon="pictures/tSQLiteInput_2.png" uniqueName="tSQLiteInput_2" label="productDescrp">
        <input link="tSQLiteInput_1">tSQLiteInput_1</input>
        <output link="tReplace_2">tReplace_2</output>
        <output link="tSQLiteInput_3">tSQLiteInput_3</output>
        <componentType>tSQLiteInput</componentType>
        <parameters>
          <column name="Unique Name" value="tSQLiteInput_2"/>
          <column name="Component Name" value="tSQLiteInput"/>
          <column name="Version" value="0.102 (ALPHA)"/>
          <column name="Family" value="Databases/SQLite"/>
          <column name="Start" value="false"/>
          <column name="Startable" value="true"/>
          <column name="SUBTREE_START" value="true"/>
          <column name="END_OF_FLOW" value="false"/>
          <column name="Activate" value="true"/>
          <column name="DUMMY" value="false"/>
          <column name="tStatCatcher Statistics" value="false"/>
          <column name="Help" value="org.talend.help.tSQLiteInput"/>
          <column name="Update components" value="true"/>
          <column name="IREPORT_PATH" value=""/>
          <column name="JAVA_LIBRARY_PATH" value="/home/db/Apps/TOS_DI-20161216_1026-V6.3.1/configuration/lib/java"/>
          <column name="Subjob color" value=""/>
          <column name="Title color" value=""/>
          <column name="Property Type" value="Built-In"/>
          <column name="Use an existing connection" value="true"/>
          <column name="Component List" value="tSQLiteConnection_1"/>
          <column name="Database" value="&quot;/home/db/Documents/BagIQ/devdata/bb_prod.db&quot;"/>
          <column name="Database Driver" value="SQLITE"/>
          <column name="REPOSITORY_ALLOW_AUTO_SWITCH" value="true"/>
          <column name="Schema" value="Built-In"/>
          <column name="Table Name" value="&quot;biq_product_list&quot;"/>
          <column name="Query Type" value="Built-In"/>
          <column name="Guess Schema" value="&quot;&quot;"/>
          <column name="Query" value="&quot;SELECT biq_product_list.name 
FROM	 biq_product_list&quot;"/>
          <column name="Encoding" value="&quot;ISO-8859-15&quot;"/>
          <column name="Trim all the String/Char columns" value="true"/>
          <column name="Trim column" value="[{TRIM=false, SCHEMA_COLUMN=name}]"/>
          <column name="Label format" value="productDescrp"/>
          <column name="Hint format" value="&lt;b&gt;__UNIQUE_NAME__&lt;/b&gt;&lt;br&gt;__COMMENT__"/>
          <column name="Connection format" value="row"/>
          <column name="Show Information" value="false"/>
          <column name="Comment" value=""/>
          <column name="Use an existing validation rule" value="false"/>
          <column name="Validation Rule Type" value=""/>
        </parameters>
        <schemas>
          <schema name="tSQLiteInput_2">
            <column name="name" key="false" type="String" length="512" precision="" nullable="false" comment=""/>
          </schema>
        </schemas>
      </component>
      <component icon="pictures/tSQLiteInput_3.png" uniqueName="tSQLiteInput_3" label="reportQuery">
        <input link="tSQLiteInput_2">tSQLiteInput_2</input>
        <output link="tLogRow_1">tLogRow_1</output>
        <componentType>tSQLiteInput</componentType>
        <parameters>
          <column name="Unique Name" value="tSQLiteInput_3"/>
          <column name="Component Name" value="tSQLiteInput"/>
          <column name="Version" value="0.102 (ALPHA)"/>
          <column name="Family" value="Databases/SQLite"/>
          <column name="Start" value="false"/>
          <column name="Startable" value="true"/>
          <column name="SUBTREE_START" value="true"/>
          <column name="END_OF_FLOW" value="false"/>
          <column name="Activate" value="true"/>
          <column name="DUMMY" value="false"/>
          <column name="tStatCatcher Statistics" value="false"/>
          <column name="Help" value="org.talend.help.tSQLiteInput"/>
          <column name="Update components" value="true"/>
          <column name="IREPORT_PATH" value=""/>
          <column name="JAVA_LIBRARY_PATH" value="/home/db/Apps/TOS_DI-20161216_1026-V6.3.1/configuration/lib/java"/>
          <column name="Subjob color" value=""/>
          <column name="Title color" value=""/>
          <column name="Property Type" value="Built-In"/>
          <column name="Use an existing connection" value="true"/>
          <column name="Component List" value="tSQLiteConnection_1"/>
          <column name="Database" value="&quot;&quot;"/>
          <column name="Database Driver" value="SQLite"/>
          <column name="REPOSITORY_ALLOW_AUTO_SWITCH" value="true"/>
          <column name="Schema" value="Built-In"/>
          <column name="Table Name" value="&quot;op_biq1&quot;"/>
          <column name="Query Type" value="Built-In"/>
          <column name="Guess Schema" value="&quot;&quot;"/>
          <column name="Query" value="&quot;select count (distinct lookupFlow) from op_biq1&quot;"/>
          <column name="Encoding" value="&quot;ISO-8859-15&quot;"/>
          <column name="Trim all the String/Char columns" value="true"/>
          <column name="Trim column" value="[{TRIM=false, SCHEMA_COLUMN=num_distinct_categories_found}]"/>
          <column name="Label format" value="reportQuery"/>
          <column name="Hint format" value="&lt;b&gt;__UNIQUE_NAME__&lt;/b&gt;&lt;br&gt;__COMMENT__"/>
          <column name="Connection format" value="row"/>
          <column name="Show Information" value="false"/>
          <column name="Comment" value=""/>
          <column name="Use an existing validation rule" value="false"/>
          <column name="Validation Rule Type" value=""/>
        </parameters>
        <schemas>
          <schema name="tSQLiteInput_3">
            <column name="num_distinct_categories_found" key="false" type="Integer" length="" precision="" nullable="true" comment=""/>
          </schema>
        </schemas>
      </component>
      <component icon="pictures/tSQLiteOutput_1.png" uniqueName="tSQLiteOutput_1" label="op_biq1">
        <input link="tFilterRow_1">tFilterRow_1</input>
        <output>none</output>
        <componentType>tSQLiteOutput</componentType>
        <parameters>
          <column name="Unique Name" value="tSQLiteOutput_1"/>
          <column name="Component Name" value="tSQLiteOutput"/>
          <column name="Version" value="0.102 (ALPHA)"/>
          <column name="Family" value="Databases/SQLite"/>
          <column name="Startable" value="false"/>
          <column name="SUBTREE_START" value="false"/>
          <column name="END_OF_FLOW" value="true"/>
          <column name="Activate" value="true"/>
          <column name="DUMMY" value="false"/>
          <column name="tStatCatcher Statistics" value="false"/>
          <column name="Help" value="org.talend.help.tSQLiteOutput"/>
          <column name="Update components" value="true"/>
          <column name="IREPORT_PATH" value=""/>
          <column name="JAVA_LIBRARY_PATH" value="/home/db/Apps/TOS_DI-20161216_1026-V6.3.1/configuration/lib/java"/>
          <column name="Subjob color" value=""/>
          <column name="Title color" value=""/>
          <column name="Property Type" value="Built-In"/>
          <column name="Use an existing connection" value="true"/>
          <column name="Component List" value="tSQLiteConnection_1"/>
          <column name="Database" value="&quot;&quot;"/>
          <column name="Database Driver" value="SQLite"/>
          <column name="Table" value="&quot;op_biq1&quot;"/>
          <column name="Action on table" value="NONE"/>
          <column name="Action on data" value="INSERT"/>
          <column name="REPOSITORY_ALLOW_AUTO_SWITCH" value="true"/>
          <column name="Schema" value="Built-In"/>
          <column name="Reject Schema" value="Built-In"/>
          <column name="Die on error" value="false"/>
          <column name="Mapping" value="sqlite_id"/>
          <column name="Encoding" value="&quot;ISO-8859-15&quot;"/>
          <column name="Commit every" value="10000"/>
          <column name="Additional columns" value="[]"/>
          <column name="Use field options" value="false"/>
          <column name="Field options" value="[{UPDATE_KEY=false, DELETE_KEY=false, UPDATABLE=true, INSERTABLE=true, SCHEMA_COLUMN=mainFlow}, {UPDATE_KEY=false, DELETE_KEY=false, UPDATABLE=true, INSERTABLE=true, SCHEMA_COLUMN=lookupFlow}, {UPDATE_KEY=false, DELETE_KEY=false, UPDATABLE=true, INSERTABLE=true, SCHEMA_COLUMN=ynMatched}]"/>
          <column name="Enable debug mode" value="false"/>
          <column name="Support null in &quot;SQL WHERE&quot; statement" value="false"/>
          <column name="Use Batch" value="true"/>
          <column name="Batch Size" value="10000"/>
          <column name="Label format" value="op_biq1"/>
          <column name="Hint format" value="&lt;b&gt;__UNIQUE_NAME__&lt;/b&gt;&lt;br&gt;__COMMENT__"/>
          <column name="Connection format" value="row"/>
          <column name="Show Information" value="false"/>
          <column name="Comment" value=""/>
          <column name="Use an existing validation rule" value="false"/>
          <column name="Validation Rule Type" value=""/>
        </parameters>
        <schemas>
          <schema name="tSQLiteOutput_1">
            <column name="mainFlow" key="false" type="String" length="512" precision="" nullable="false" comment=""/>
            <column name="lookupFlow" key="false" type="String" length="512" precision="" nullable="true" comment=""/>
            <column name="ynMatched" key="false" type="Boolean" length="" precision="" nullable="true" comment=""/>
          </schema>
        </schemas>
      </component>
      <component icon="pictures/tSQLiteRow_1.png" uniqueName="tSQLiteRow_1" label="__UNIQUE_NAME__">
        <input link="tForeach_1">tForeach_1</input>
        <output>none</output>
        <componentType>tSQLiteRow</componentType>
        <parameters>
          <column name="Unique Name" value="tSQLiteRow_1"/>
          <column name="Component Name" value="tSQLiteRow"/>
          <column name="Version" value="0.102 (ALPHA)"/>
          <column name="Family" value="Databases/SQLite"/>
          <column name="Start" value="false"/>
          <column name="Startable" value="true"/>
          <column name="SUBTREE_START" value="false"/>
          <column name="END_OF_FLOW" value="true"/>
          <column name="Activate" value="true"/>
          <column name="DUMMY" value="false"/>
          <column name="tStatCatcher Statistics" value="false"/>
          <column name="Help" value="org.talend.help.tSQLiteRow"/>
          <column name="Update components" value="true"/>
          <column name="IREPORT_PATH" value=""/>
          <column name="JAVA_LIBRARY_PATH" value="/home/db/Apps/TOS_DI-20161216_1026-V6.3.1/configuration/lib/java"/>
          <column name="Subjob color" value=""/>
          <column name="Title color" value=""/>
          <column name="Property Type" value="Built-In"/>
          <column name="Use an existing connection" value="true"/>
          <column name="Component List" value="tSQLiteConnection_1"/>
          <column name="Database" value="&quot;&quot;"/>
          <column name="REPOSITORY_ALLOW_AUTO_SWITCH" value="true"/>
          <column name="Schema" value="Built-In"/>
          <column name="Reject Schema" value="Built-In"/>
          <column name="Database Driver" value="SQLite"/>
          <column name="Table Name" value="&quot;op_biq1&quot;"/>
          <column name="Query Type" value="Built-In"/>
          <column name="Query" value="((String)globalMap.get(&quot;tForeach_1_CURRENT_VALUE&quot;))"/>
          <column name="Die on error" value="true"/>
          <column name="Propagate QUERY's recordset" value="false"/>
          <column name="use column" value=""/>
          <column name="Use PreparedStatement" value="false"/>
          <column name="Set PreparedStatement Parameters" value="[]"/>
          <column name="Encoding" value="&quot;ISO-8859-15&quot;"/>
          <column name="Commit every" value="10000"/>
          <column name="Label format" value="__UNIQUE_NAME__"/>
          <column name="Hint format" value="&lt;b&gt;__UNIQUE_NAME__&lt;/b&gt;&lt;br&gt;__COMMENT__"/>
          <column name="Connection format" value="row"/>
          <column name="Show Information" value="false"/>
          <column name="Comment" value=""/>
          <column name="Use an existing validation rule" value="false"/>
          <column name="Validation Rule Type" value=""/>
        </parameters>
        <schemas>
          <schema name="tSQLiteRow_1"/>
        </schemas>
      </component>
    </internalNodeComponents>
    <externalNodeComponents/>
    <connections>
      <connection label="row1" lineStyle="0" metaname="tSQLiteInput_1" offsetLabelX="0" offsetLabelY="0" source="tSQLiteInput_1" target="tReplace_1"/>
      <connection label="OnSubjobOk" lineStyle="1" metaname="tSQLiteInput_1" offsetLabelX="0" offsetLabelY="0" source="tSQLiteInput_1" target="tSQLiteInput_2"/>
      <connection label="row2" lineStyle="0" metaname="tReplace_1" offsetLabelX="0" offsetLabelY="0" source="tReplace_1" target="tHashOutput_1"/>
      <connection label="row3" lineStyle="0" metaname="tSQLiteInput_2" offsetLabelX="0" offsetLabelY="0" source="tSQLiteInput_2" target="tReplace_2"/>
      <connection label="OnSubjobOk" lineStyle="1" metaname="tSQLiteInput_2" offsetLabelX="0" offsetLabelY="0" source="tSQLiteInput_2" target="tSQLiteInput_3"/>
      <connection label="row4" lineStyle="0" metaname="tReplace_2" offsetLabelX="0" offsetLabelY="0" source="tReplace_2" target="tFlowToIterate_1"/>
      <connection label="Iterate" lineStyle="7" metaname="tFlowToIterate_1" offsetLabelX="0" offsetLabelY="0" source="tFlowToIterate_1" target="tHashInput_1"/>
      <connection label="row5" lineStyle="0" metaname="tHashInput_1" offsetLabelX="0" offsetLabelY="0" source="tHashInput_1" target="tJavaRow_3"/>
      <connection label="row6" lineStyle="0" metaname="tJavaRow_3" offsetLabelX="0" offsetLabelY="0" source="tJavaRow_3" target="tFilterRow_1"/>
      <connection label="row7" lineStyle="0" metaname="FILTER" offsetLabelX="0" offsetLabelY="0" source="tFilterRow_1" target="tSQLiteOutput_1"/>
      <connection label="OnComponentOk" lineStyle="3" metaname="tSQLiteConnection_1" offsetLabelX="0" offsetLabelY="0" source="tSQLiteConnection_1" target="tForeach_1"/>
      <connection label="Iterate" lineStyle="7" metaname="tForeach_1" offsetLabelX="2" offsetLabelY="2" source="tForeach_1" target="tSQLiteRow_1"/>
      <connection label="OnSubjobOk" lineStyle="1" metaname="tForeach_1" offsetLabelX="0" offsetLabelY="0" source="tForeach_1" target="tSQLiteInput_1"/>
      <connection label="row8" lineStyle="0" metaname="tSQLiteInput_3" offsetLabelX="0" offsetLabelY="0" source="tSQLiteInput_3" target="tLogRow_1"/>
    </connections>
  </job>
</project>
