<?xml version="1.1" encoding="UTF-8"?>

<project i18n.job.generated.documetation="Generated documentation" i18n.job.project.name="Project Name" i18n.job.generated.date="GENERATION DATE" i18n.job.author="AUTHOR" i18n.job.summary="Summary" i18n.job.project.description="Project Description" i18n.job.job.description="Description" i18n.job.job.preview.picture="Preview Picture" i18n.job.job.setting="Settings" i18n.job.context.list="Context List" i18n.job.component.list="Component List" i18n.job.components.description="Components Description" i18n.job.source.code="Source Code" i18n.job.properties="Properties" i18n.job.values="Values" i18n.job.name="Name" i18n.job.language="Language" i18n.job.description="Description" i18n.job.author.min="Author" i18n.job.version="Version" i18n.job.purpose="Purpose" i18n.job.status="Status" i18n.job.creation="Creation" i18n.job.modification="Modification" i18n.job.extract.settings="Extra settings" i18n.job.value="Value" i18n.job.stats.logs="Status &amp; Logs" i18n.job.context="Context" i18n.job.promt="Prompt" i18n.job.need.promt="Need Prompt?" i18n.job.type="Type" i18n.job.source="Source" i18n.job.component.name="Component Name" i18n.job.component.type="Component Type" i18n.job.component="Component" i18n.job.unique.name="UNIQUE NAME" i18n.job.input="INPUT(S)" i18n.job.label="LABEL" i18n.job.output="OUTPUT(S)" i18n.job.component.parameters="Component Parameters:" i18n.job.schema.for="Schema for " i18n.job.column="Column" i18n.job.key="Key" i18n.job.length="Length" i18n.job.precision="Precision" i18n.job.nullable="Nullable" i18n.job.comment="Comment" i18n.job.original.function.parameters="Original Function Parameters:" i18n.job.ended="ended" i18n.job.content="content" i18n.route.manifest.type="Type" i18n.route.manifest.value="Value" i18n.route.resource.name="Name" i18n.route.resource.version="Version" i18n.route.resource.path="Path" name="Main" logo="pictures/logo.jpg" title="Generated by Talend Open Studio for Data Integration" link="http://www.talend.com" language="java" generatedDate="Apr 28, 2017 9:47:34 PM" versionName="Talend Open Studio VERSION " version="6.3.1.20161216_1026" docType="Jobs" company="">
  <pro-description><![CDATA[]]></pro-description>
  <job name="HTMLScraping" author="user@talend.com" i18n.job.extract.settings.type="i18n.job.extract.settings" i18n.job.stats.logs.type="i18n.job.stats.logs" version="1.0" purpose="scraping" status="DEV" creation="Dec 12, 2016 11:15:34 AM" modification="Apr 28, 2017 9:43:13 PM">
    <description><![CDATA[Scraping real-estate market for Novi Sad from realitica.com website. 
Custom component tHTMLInputExtended exhibits unsat<br/>isfactory behaviour.
Replaced by tJavaFlex. Outputs unexpected redundant matches, selection is constrained with only css<br/> selectors. Unable to match text between tags.]]></description>
    <preview picture="pictures/HTMLScraping_1.0.png"/>
    <contextList>
      <context name="dev">
        <contextParameter name="cityFocus" prompt="cityFocus?" promptNeeded="false" type="id_String" value="&quot;=Novi+Sad&amp;pZpa=Novi+Sad&amp;pState=Srbija&quot;" source="HTMLParsingCustomComponent"/>
        <contextParameter name="dialectw1" prompt="dialectw1?" promptNeeded="false" type="id_String" value="&quot;Promena&quot;" source="HTMLParsingCustomComponent"/>
        <contextParameter name="incrPrice" prompt="incrPrice?" promptNeeded="false" type="id_Integer" value="1500" source="HTMLParsingCustomComponent"/>
        <contextParameter name="itemsPerPage" prompt="itemsPerPage?" promptNeeded="false" type="id_Integer" value="25" source="HTMLParsingCustomComponent"/>
        <contextParameter name="keyword1" prompt="keyword1?" promptNeeded="false" type="id_String" value="&quot;Cena&quot;" source="HTMLParsingCustomComponent"/>
        <contextParameter name="locationFocus" prompt="locationFocus?" promptNeeded="false" type="id_String" value="&quot;&amp;qry=Liman+4&quot;" source="HTMLParsingCustomComponent"/>
        <contextParameter name="maxPrice" prompt="maxPrice?" promptNeeded="false" type="id_Integer" value="78000" source="HTMLParsingCustomComponent"/>
        <contextParameter name="minPrice" prompt="minPrice?" promptNeeded="false" type="id_Integer" value="75000" source="HTMLParsingCustomComponent"/>
        <contextParameter name="rezTable1" prompt="rezTable1?" promptNeeded="false" type="id_String" value="&quot;l4flats&quot;" source="HTMLParsingCustomComponent"/>
      </context>
    </contextList>
    <jobSetting>
      <extra>
        <jobParameter name="COMP_DEFAULT_FILE_DIR" value=""/>
        <jobParameter name="Multi thread execution" value="true"/>
        <jobParameter name="Implicit tContextLoad" value="false"/>
      </extra>
      <Statslogs>
        <jobParameter name="Use statistics (tStatCatcher)" value="true"/>
        <jobParameter name="Use logs (tLogCatcher)" value="true"/>
        <jobParameter name="Use volumetrics (tFlowMeterCatcher)" value="true"/>
        <jobParameter name="On Console" value="false"/>
        <jobParameter name="On Files" value="false"/>
        <jobParameter name="On Databases" value="false"/>
        <jobParameter name="Catch components statistics" value="false"/>
        <jobParameter name="Catch runtime errors" value="true"/>
        <jobParameter name="Catch user errors" value="true"/>
        <jobParameter name="Catch user warnings" value="true"/>
      </Statslogs>
    </jobSetting>
    <componentList>
      <componentItem name="tJavaFlex_1" link="tJavaFlex_1" type="tJavaFlex" leftTopX="256" leftTopY="64" rightBottomX="288" rightBottomY="96"/>
      <componentItem name="tJavaFlex_2" link="tJavaFlex_2" type="tJavaFlex" leftTopX="256" leftTopY="256" rightBottomX="288" rightBottomY="288"/>
      <componentItem name="tJavaFlex_3" link="tJavaFlex_3" type="tJavaFlex" leftTopX="448" leftTopY="256" rightBottomX="480" rightBottomY="288"/>
      <componentItem name="tJavaFlex_5" link="tJavaFlex_5" type="tJavaFlex" leftTopX="608" leftTopY="256" rightBottomX="640" rightBottomY="288"/>
      <componentItem name="tJavaRow_1" link="tJavaRow_1" type="tJavaRow" leftTopX="768" leftTopY="256" rightBottomX="800" rightBottomY="288"/>
      <componentItem name="tLogCatcher_1" link="tLogCatcher_1" type="tLogCatcher" leftTopX="448" leftTopY="64" rightBottomX="480" rightBottomY="96"/>
      <componentItem name="tLogRow_2" link="tLogRow_2" type="tLogRow" leftTopX="608" leftTopY="64" rightBottomX="640" rightBottomY="96"/>
      <componentItem name="tLoop_1" link="tLoop_1" type="tLoop" leftTopX="32" leftTopY="256" rightBottomX="64" rightBottomY="288"/>
      <componentItem name="tSQLiteConnection_1" link="tSQLiteConnection_1" type="tSQLiteConnection" leftTopX="32" leftTopY="64" rightBottomX="64" rightBottomY="96"/>
      <componentItem name="tSQLiteOutput_1" link="tSQLiteOutput_1" type="tSQLiteOutput" leftTopX="960" leftTopY="256" rightBottomX="992" rightBottomY="288"/>
    </componentList>
    <internalNodeComponents>
      <component icon="pictures/tJavaFlex_1.png" uniqueName="tJavaFlex_1" label="sqlitePrepare">
        <input link="tSQLiteConnection_1">tSQLiteConnection_1</input>
        <output link="tLoop_1">tLoop_1</output>
        <componentType>tJavaFlex</componentType>
        <parameters>
          <column name="Unique Name" value="tJavaFlex_1"/>
          <column name="Component Name" value="tJavaFlex"/>
          <column name="Version" value="0.101 (ALPHA)"/>
          <column name="Family" value="Custom_Code"/>
          <column name="Start" value="false"/>
          <column name="Startable" value="true"/>
          <column name="SUBTREE_START" value="true"/>
          <column name="END_OF_FLOW" value="true"/>
          <column name="Activate" value="true"/>
          <column name="DUMMY" value="false"/>
          <column name="tStatCatcher Statistics" value="false"/>
          <column name="Help" value="org.talend.help.tJavaFlex"/>
          <column name="Update components" value="true"/>
          <column name="IREPORT_PATH" value=""/>
          <column name="JAVA_LIBRARY_PATH" value="/home/db/Apps/TOS_DI-20161216_1026-V6.3.1/configuration/lib/java"/>
          <column name="Subjob color" value=""/>
          <column name="Title color" value=""/>
          <column name="REPOSITORY_ALLOW_AUTO_SWITCH" value="true"/>
          <column name="Schema" value="Built-In"/>
          <column name="Data Auto Propagate" value="false"/>
          <column name="Start code" value="// !! TRICK:
// Table schema can be long and complex to write in an inline string
// Trick is : you never have to write it like this. Talend will do it for you! Recipe is:
// Finish the job. Define output table schema using talend. 
// In your database output component choose for the &quot;action on table&quot;: 
// &quot;create table if not exists&quot;. Click on &quot;Code&quot; tab. Talend just generated the
// job java code and sql code in it. Find the sql string and copy-paste it. :)
// Now switch back (!) &quot;action on table&quot; to &quot;default&quot; or whatever other action
// is needed.
String sqlCreate = &quot;CREATE TABLE IF NOT EXISTS \&quot;&quot; + context.rezTable1 + &quot;\&quot;(\&quot;id_item\&quot; INT  not null ,\&quot;href\&quot; VARCHAR(64)   not null ,\&quot;type\&quot; VARCHAR(64)  ,\&quot;author\&quot; VARCHAR(32)  ,\&quot;area\&quot; VARCHAR(64)  ,\&quot;location\&quot; VARCHAR(64)  ,\&quot;price\&quot; INT ,\&quot;size\&quot; INT ,\&quot;rooms\&quot; INT ,\&quot;bathrooms\&quot; INT ,\&quot;description\&quot; VARCHAR(0)  ,primary key(\&quot;id_item\&quot;))&quot;;
Connection c = null;
String sqlDeleteAll = &quot;DELETE FROM &quot; + context.rezTable1;
//ArrayList&lt;String[]&gt; sqlite_master = new ArrayList&lt;String[]&gt;();
 "/>
          <column name="Main code" value="// How to print all entries in globalMap
//System.out.println(globalMap.toString());

// ?!?Mistery: why is this global variable not listed under component 
// &quot;outline&quot; view ?!?
c = (Connection)globalMap.get(&quot;conn_tSQLiteConnection_1&quot;);

// Prepare working table (create if not exist and delete all rows)
// So that each job run starts from empty table
GithubExamples.jdbcUpdate(c, sqlCreate);
GithubExamples.jdbcUpdate(c, sqlDeleteAll);
"/>
          <column name="End code" value="// end of the component, outside/closing the loop
"/>
          <column name="TOS2.0" value="false"/>
          <column name="TOS3.2" value="false"/>
          <column name="TOS4.0" value="true"/>
          <column name="Import" value="import java.util.ArrayList;
import java.sql.*;"/>
          <column name="Label format" value="sqlitePrepare"/>
          <column name="Hint format" value="&lt;b&gt;__UNIQUE_NAME__&lt;/b&gt;&lt;br&gt;__COMMENT__"/>
          <column name="Connection format" value="row"/>
          <column name="Show Information" value="true"/>
          <column name="Comment" value=""/>
          <column name="Use an existing validation rule" value="false"/>
          <column name="Validation Rule Type" value=""/>
        </parameters>
        <schemas>
          <schema name="tJavaFlex_1"/>
        </schemas>
      </component>
      <component icon="pictures/tJavaFlex_2.png" uniqueName="tJavaFlex_2" label="pagesFound">
        <input link="tLoop_1">tLoop_1</input>
        <output link="tJavaFlex_3">tJavaFlex_3</output>
        <componentType>tJavaFlex</componentType>
        <parameters>
          <column name="Unique Name" value="tJavaFlex_2"/>
          <column name="Component Name" value="tJavaFlex"/>
          <column name="Version" value="0.101 (ALPHA)"/>
          <column name="Family" value="Custom_Code"/>
          <column name="Start" value="false"/>
          <column name="Startable" value="true"/>
          <column name="SUBTREE_START" value="false"/>
          <column name="END_OF_FLOW" value="true"/>
          <column name="Activate" value="true"/>
          <column name="DUMMY" value="false"/>
          <column name="tStatCatcher Statistics" value="false"/>
          <column name="Help" value="org.talend.help.tJavaFlex"/>
          <column name="Update components" value="true"/>
          <column name="IREPORT_PATH" value=""/>
          <column name="JAVA_LIBRARY_PATH" value="/home/db/Apps/TOS_DI-20161216_1026-V6.3.1/configuration/lib/java"/>
          <column name="Subjob color" value=""/>
          <column name="Title color" value=""/>
          <column name="REPOSITORY_ALLOW_AUTO_SWITCH" value="true"/>
          <column name="Schema" value="Built-In"/>
          <column name="Data Auto Propagate" value="false"/>
          <column name="Start code" value=""/>
          <column name="Main code" value="// ***pagesFound_MainCode***
URL url = new URL(&quot;http://www.realitica.com/?cur_page=0&amp;for=Prodaja&amp;opa%5B%5D&quot; + context.cityFocus + &quot;&amp;type%5B%5D=Apartment&amp;price-min=&quot; + String.valueOf((Integer)globalMap.get(&quot;tLoop_1_CURRENT_VALUE&quot;)) + &quot;&amp;price-max=&quot; + String.valueOf((Integer)globalMap.get(&quot;tLoop_1_CURRENT_VALUE&quot;) + context.incrPrice) + context.locationFocus + &quot;&amp;lng=hr&quot;);

//DEBUG
//String  startPrice  = String.valueOf((Integer)globalMap.get(&quot;tLoop_1_CURRENT_VALUE&quot;));
//String  endPrice  = String.valueOf((Integer)globalMap.get(&quot;tLoop_1_CURRENT_VALUE&quot;) + context.incrPrice);
// CHECK log
//System.out.println(&quot;price: (&quot; + startPrice + &quot;, &quot; + endPrice + &quot;)&quot; );

// Parse html string into DOM object. This happens once per page.
// Document type has to be fully qualified, because it's ambiguous to multiple
// other libraries.
// Method call has to be qualified either with custom routine package name
// if it's used through talend user routine dependancy or fully qualified
org.jsoup.nodes.Document doc = GithubExamples.parseHTML(url, 30000);


// Get all clients found on page. Each client has multiple properties to scrape
// Should contain only one number.
Elements itemsFound    =  doc.select(&quot;strong:eq(1):matchesOwn(^\\d+$)&quot;);
// Integer  numItemsFound = Integer.valueOf(itemsFound.first().toString());

Integer totalPages  = Integer.valueOf(itemsFound.first().text()) / context.itemsPerPage;
String  startPrice  = String.valueOf((Integer)globalMap.get(&quot;tLoop_1_CURRENT_VALUE&quot;));
String  endPrice  = String.valueOf((Integer)globalMap.get(&quot;tLoop_1_CURRENT_VALUE&quot;) + context.incrPrice);
// CHECK
System.out.println(&quot;pages: &quot; + totalPages + &quot; | price: (&quot; + startPrice + &quot;, &quot; + endPrice + &quot;)&quot; );

// Iterate pages found
for (int i = 1; i &lt;= totalPages+1; i++) {
"/>
          <column name="End code" value="    // ***pagesFound_EndCode***
    url = new URL(&quot;http://www.realitica.com/?cur_page=&quot; + i + &quot;&amp;for=Prodaja&amp;opa%5B%5D&quot; + context.cityFocus + &quot;&amp;type%5B%5D=Apartment&amp;price-min=&quot; + String.valueOf((Integer)globalMap.get(&quot;tLoop_1_CURRENT_VALUE&quot;)) + &quot;&amp;price-max=&quot; + String.valueOf((Integer)globalMap.get(&quot;tLoop_1_CURRENT_VALUE&quot;) + context.incrPrice) + context.locationFocus + &quot;&amp;lng=hr&quot;);
    doc = GithubExamples.parseHTML(url, 30000);
}
"/>
          <column name="TOS2.0" value="false"/>
          <column name="TOS3.2" value="false"/>
          <column name="TOS4.0" value="true"/>
          <column name="Import" value="import java.net.URL;
import java.util.HashMap;
import org.jsoup.nodes.Element;
import org.jsoup.nodes.Node;
import org.jsoup.select.Elements;
import org.jsoup.parser.*;"/>
          <column name="Label format" value="pagesFound"/>
          <column name="Hint format" value="&lt;b&gt;__UNIQUE_NAME__&lt;/b&gt;&lt;br&gt;__COMMENT__"/>
          <column name="Connection format" value="row"/>
          <column name="Show Information" value="true"/>
          <column name="Comment" value="&quot;Cascade&quot; pattern: every iterate connection is a crawling step, until we reach the scraping target."/>
          <column name="Use an existing validation rule" value="false"/>
          <column name="Validation Rule Type" value=""/>
        </parameters>
        <schemas>
          <schema name="tJavaFlex_2"/>
        </schemas>
      </component>
      <component icon="pictures/tJavaFlex_3.png" uniqueName="tJavaFlex_3" label="linksPerPage">
        <input link="tJavaFlex_2">tJavaFlex_2</input>
        <output link="tJavaFlex_5">tJavaFlex_5</output>
        <componentType>tJavaFlex</componentType>
        <parameters>
          <column name="Unique Name" value="tJavaFlex_3"/>
          <column name="Component Name" value="tJavaFlex"/>
          <column name="Version" value="0.101 (ALPHA)"/>
          <column name="Family" value="Custom_Code"/>
          <column name="Start" value="false"/>
          <column name="Startable" value="true"/>
          <column name="SUBTREE_START" value="false"/>
          <column name="END_OF_FLOW" value="true"/>
          <column name="Activate" value="true"/>
          <column name="DUMMY" value="false"/>
          <column name="tStatCatcher Statistics" value="false"/>
          <column name="Help" value="org.talend.help.tJavaFlex"/>
          <column name="Update components" value="true"/>
          <column name="IREPORT_PATH" value=""/>
          <column name="JAVA_LIBRARY_PATH" value="/home/db/Apps/TOS_DI-20161216_1026-V6.3.1/configuration/lib/java"/>
          <column name="Subjob color" value=""/>
          <column name="Title color" value=""/>
          <column name="REPOSITORY_ALLOW_AUTO_SWITCH" value="true"/>
          <column name="Schema" value="Built-In"/>
          <column name="Data Auto Propagate" value="false"/>
          <column name="Start code" value="
      "/>
          <column name="Main code" value="    // ***linksPerPage_MainCode***
    // Iterate all links per search page
    Elements links = doc.select(&quot;a[href][style=\&quot;text-decoration: none;color:black;\&quot;]&quot;);
    for (Element link : links) {
        String strURL = link.attr(&quot;href&quot;);
        // CHECK log
        System.out.println(strURL);

"/>
          <column name="End code" value="    // ***linksPerPage_EndCode***    
    }"/>
          <column name="TOS2.0" value="false"/>
          <column name="TOS3.2" value="false"/>
          <column name="TOS4.0" value="true"/>
          <column name="Import" value="//import java.util.List;"/>
          <column name="Label format" value="linksPerPage"/>
          <column name="Hint format" value="&lt;b&gt;__UNIQUE_NAME__&lt;/b&gt;&lt;br&gt;__COMMENT__"/>
          <column name="Connection format" value="row"/>
          <column name="Show Information" value="false"/>
          <column name="Comment" value=""/>
          <column name="Use an existing validation rule" value="false"/>
          <column name="Validation Rule Type" value=""/>
        </parameters>
        <schemas>
          <schema name="tJavaFlex_3"/>
        </schemas>
      </component>
      <component icon="pictures/tJavaFlex_5.png" uniqueName="tJavaFlex_5" label="apartmentDetails">
        <input link="tJavaFlex_3">tJavaFlex_3</input>
        <output link="tJavaRow_1">tJavaRow_1</output>
        <componentType>tJavaFlex</componentType>
        <parameters>
          <column name="Unique Name" value="tJavaFlex_5"/>
          <column name="Component Name" value="tJavaFlex"/>
          <column name="Version" value="0.101 (ALPHA)"/>
          <column name="Family" value="Custom_Code"/>
          <column name="Start" value="false"/>
          <column name="Startable" value="true"/>
          <column name="SUBTREE_START" value="false"/>
          <column name="END_OF_FLOW" value="false"/>
          <column name="Activate" value="true"/>
          <column name="DUMMY" value="false"/>
          <column name="tStatCatcher Statistics" value="false"/>
          <column name="Help" value="org.talend.help.tJavaFlex"/>
          <column name="Update components" value="true"/>
          <column name="IREPORT_PATH" value=""/>
          <column name="JAVA_LIBRARY_PATH" value="/home/db/Apps/TOS_DI-20161216_1026-V6.3.1/configuration/lib/java"/>
          <column name="Subjob color" value=""/>
          <column name="Title color" value=""/>
          <column name="REPOSITORY_ALLOW_AUTO_SWITCH" value="true"/>
          <column name="Schema" value="Built-In"/>
          <column name="Data Auto Propagate" value="false"/>
          <column name="Start code" value="HashMap&lt;String, String&gt; apartmentDetails = new HashMap&lt;String, String&gt;();"/>
          <column name="Main code" value="        // ***apartmentDetail_MainCode***
        URL detailURL = new URL(strURL);
        org.jsoup.nodes.Document apartmentDetail = GithubExamples.parseHTML(detailURL, 30000);        
        Elements details = apartmentDetail.select(&quot;div#listing_body&gt;strong&quot;);
        for (Element detail : details) {
            String nodeKey = ApacheStringUtils.strip(detail.text());
            String nodeVal = ApacheStringUtils.stripStart(detail.nextSibling().toString(), &quot; :&#8364;&quot;);
            apartmentDetails.put(nodeKey, nodeVal); 
        }
        String oglasio = apartmentDetail.select(&quot;div#aboutAuthor&gt;a&quot;).first().text();
        
        apartmentDetails.put(&quot;Oglasio&quot;, oglasio);
        apartmentDetails.put(&quot;href&quot;, strURL);
        apartmentDetails.put(&quot;id_item&quot;, ApacheStringUtils.substringAfterLast(strURL, &quot;/&quot;));
        // ***apartmentDetail_OUTPUT***        
        row1.apartmentDetails = apartmentDetails;
        // DEBUG
        //System.out.println(apartmentDetails);"/>
          <column name="End code" value=""/>
          <column name="TOS2.0" value="false"/>
          <column name="TOS3.2" value="false"/>
          <column name="TOS4.0" value="true"/>
          <column name="Import" value="//import java.util.List;"/>
          <column name="Label format" value="apartmentDetails"/>
          <column name="Hint format" value="&lt;b&gt;__UNIQUE_NAME__&lt;/b&gt;&lt;br&gt;__COMMENT__"/>
          <column name="Connection format" value="row"/>
          <column name="Show Information" value="true"/>
          <column name="Comment" value="While developing frequently press &quot;Code&quot; tab: talk to IDE and catch errors."/>
          <column name="Use an existing validation rule" value="false"/>
          <column name="Validation Rule Type" value=""/>
        </parameters>
        <schemas>
          <schema name="tJavaFlex_5">
            <column name="apartmentDetails" key="false" type="Object" length="" precision="" nullable="false" comment=""/>
          </schema>
        </schemas>
      </component>
      <component icon="pictures/tJavaRow_1.png" uniqueName="tJavaRow_1" label="flattenData">
        <input link="tJavaFlex_5">tJavaFlex_5</input>
        <output link="tSQLiteOutput_1">tSQLiteOutput_1</output>
        <componentType>tJavaRow</componentType>
        <parameters>
          <column name="Unique Name" value="tJavaRow_1"/>
          <column name="Component Name" value="tJavaRow"/>
          <column name="Version" value="0.101 (ALPHA)"/>
          <column name="Family" value="Custom_Code"/>
          <column name="Startable" value="false"/>
          <column name="SUBTREE_START" value="false"/>
          <column name="END_OF_FLOW" value="false"/>
          <column name="Activate" value="true"/>
          <column name="DUMMY" value="false"/>
          <column name="tStatCatcher Statistics" value="false"/>
          <column name="Help" value="org.talend.help.tJavaRow"/>
          <column name="Update components" value="true"/>
          <column name="IREPORT_PATH" value=""/>
          <column name="JAVA_LIBRARY_PATH" value="/home/db/Apps/TOS_DI-20161216_1026-V6.3.1/configuration/lib/java"/>
          <column name="Subjob color" value=""/>
          <column name="Title color" value=""/>
          <column name="REPOSITORY_ALLOW_AUTO_SWITCH" value="true"/>
          <column name="Schema" value="Built-In"/>
          <column name="Code" value="output_row.id_item = Integer.valueOf(((HashMap&lt;String,String&gt;)input_row.apartmentDetails).get(&quot;id_item&quot;));
output_row.href     = ((HashMap&lt;String,String&gt;)input_row.apartmentDetails).get(&quot;href&quot;);

output_row.type     = ((HashMap&lt;String,String&gt;)input_row.apartmentDetails).get(&quot;Vrsta&quot;);
output_row.author   = ((HashMap&lt;String,String&gt;)input_row.apartmentDetails).get(&quot;Oglasio&quot;);
output_row.area     = ((HashMap&lt;String,String&gt;)input_row.apartmentDetails).get(&quot;Podru&#269;je&quot;);
output_row.location = ((HashMap&lt;String,String&gt;)input_row.apartmentDetails).get(&quot;Lokacija&quot;);

output_row.price      = NumberUtils.toInt(((HashMap&lt;String,String&gt;)input_row.apartmentDetails).get(context.keyword1).replace(&quot;.&quot;, &quot;&quot;));

output_row.size       = 
((HashMap&lt;String,String&gt;)input_row.apartmentDetails).containsKey(&quot;Stambena Povr&#353;ina&quot;) ? 
NumberUtils.toInt(((HashMap&lt;String,String&gt;)input_row.apartmentDetails).get(&quot;Stambena Povr&#353;ina&quot;).replace(&quot;m&quot;, &quot;&quot;)) : null;

output_row.rooms      = 
((HashMap&lt;String,String&gt;)input_row.apartmentDetails).containsKey(&quot;Spava&#263;ih Soba&quot;) ? 
NumberUtils.toInt(((HashMap&lt;String,String&gt;)input_row.apartmentDetails).get(&quot;Spava&#263;ih Soba&quot;)) : null;

output_row.bathrooms  = 
((HashMap&lt;String,String&gt;)input_row.apartmentDetails).containsKey(&quot;Kupatila&quot;) ? 
NumberUtils.toInt(((HashMap&lt;String,String&gt;)input_row.apartmentDetails).get(&quot;Kupatila&quot;)) : null;

output_row.description = 
((HashMap&lt;String,String&gt;)input_row.apartmentDetails).containsKey(&quot;Opis&quot;) ? 
((HashMap&lt;String,String&gt;)input_row.apartmentDetails).get(&quot;Opis&quot;) : null;"/>
          <column name="Import" value="import java.util.HashMap;
import org.apache.commons.lang3.math.NumberUtils;"/>
          <column name="Label format" value="flattenData"/>
          <column name="Hint format" value="&lt;b&gt;__UNIQUE_NAME__&lt;/b&gt;&lt;br&gt;__COMMENT__"/>
          <column name="Connection format" value="row"/>
          <column name="Show Information" value="true"/>
          <column name="Comment" value="Project HashMap to flat talend-type output that is mapped to database data types. Clean data."/>
          <column name="Use an existing validation rule" value="false"/>
          <column name="Validation Rule Type" value=""/>
        </parameters>
        <schemas>
          <schema name="tJavaRow_1">
            <column name="id_item" key="true" type="int" length="" precision="" nullable="false" comment=""/>
            <column name="href" key="false" type="String" length="64" precision="" nullable="false" comment=""/>
            <column name="type" key="false" type="String" length="64" precision="" nullable="true" comment=""/>
            <column name="author" key="false" type="String" length="32" precision="" nullable="true" comment=""/>
            <column name="area" key="false" type="String" length="64" precision="" nullable="true" comment=""/>
            <column name="location" key="false" type="String" length="64" precision="" nullable="true" comment=""/>
            <column name="price" key="false" type="Integer" length="" precision="" nullable="true" comment=""/>
            <column name="size" key="false" type="Integer" length="" precision="" nullable="true" comment=""/>
            <column name="rooms" key="false" type="Integer" length="" precision="" nullable="true" comment=""/>
            <column name="bathrooms" key="false" type="Integer" length="" precision="" nullable="true" comment=""/>
            <column name="description" key="false" type="String" length="" precision="" nullable="true" comment=""/>
          </schema>
        </schemas>
      </component>
      <component icon="pictures/tLogCatcher_1.png" uniqueName="tLogCatcher_1" label="__UNIQUE_NAME__">
        <input>none</input>
        <output link="tLogRow_2">tLogRow_2</output>
        <componentType>tLogCatcher</componentType>
        <parameters>
          <column name="Unique Name" value="tLogCatcher_1"/>
          <column name="Component Name" value="tLogCatcher"/>
          <column name="Version" value="0.101 (ALPHA)"/>
          <column name="Family" value="Logs_Errors"/>
          <column name="Start" value="true"/>
          <column name="Startable" value="true"/>
          <column name="SUBTREE_START" value="true"/>
          <column name="END_OF_FLOW" value="false"/>
          <column name="Activate" value="true"/>
          <column name="DUMMY" value="false"/>
          <column name="tStatCatcher Statistics" value="false"/>
          <column name="Help" value="org.talend.help.tLogCatcher"/>
          <column name="Update components" value="true"/>
          <column name="IREPORT_PATH" value=""/>
          <column name="JAVA_LIBRARY_PATH" value="/home/db/Apps/TOS_DI-20161216_1026-V6.3.1/configuration/lib/java"/>
          <column name="Subjob color" value=""/>
          <column name="Title color" value=""/>
          <column name="REPOSITORY_ALLOW_AUTO_SWITCH" value="true"/>
          <column name="Schema" value="Built-In"/>
          <column name="Catch Java Exception" value="true"/>
          <column name="Catch tDie" value="true"/>
          <column name="Catch tWarn" value="false"/>
          <column name="Catch tActionFailure" value="true"/>
          <column name="Label format" value="__UNIQUE_NAME__"/>
          <column name="Hint format" value="&lt;b&gt;__UNIQUE_NAME__&lt;/b&gt;&lt;br&gt;__COMMENT__"/>
          <column name="Connection format" value="row"/>
          <column name="Show Information" value="false"/>
          <column name="Comment" value=""/>
          <column name="Use an existing validation rule" value="false"/>
          <column name="Validation Rule Type" value=""/>
        </parameters>
        <schemas>
          <schema name="tLogCatcher_1">
            <column name="moment" key="false" type="java.util.Date" length="" precision="" nullable="true" comment=""/>
            <column name="pid" key="false" type="String" length="20" precision="" nullable="true" comment=""/>
            <column name="root_pid" key="false" type="String" length="20" precision="" nullable="true" comment=""/>
            <column name="father_pid" key="false" type="String" length="20" precision="" nullable="true" comment=""/>
            <column name="project" key="false" type="String" length="50" precision="" nullable="true" comment=""/>
            <column name="job" key="false" type="String" length="255" precision="" nullable="true" comment=""/>
            <column name="context" key="false" type="String" length="50" precision="" nullable="true" comment=""/>
            <column name="priority" key="false" type="Integer" length="3" precision="" nullable="true" comment=""/>
            <column name="type" key="false" type="String" length="255" precision="" nullable="true" comment=""/>
            <column name="origin" key="false" type="String" length="255" precision="" nullable="true" comment=""/>
            <column name="message" key="false" type="String" length="255" precision="" nullable="true" comment=""/>
            <column name="code" key="false" type="Integer" length="3" precision="" nullable="true" comment=""/>
          </schema>
        </schemas>
      </component>
      <component icon="pictures/tLogRow_2.png" uniqueName="tLogRow_2" label="errorsLog">
        <input link="tLogCatcher_1">tLogCatcher_1</input>
        <output>none</output>
        <componentType>tLogRow</componentType>
        <parameters>
          <column name="Unique Name" value="tLogRow_2"/>
          <column name="Component Name" value="tLogRow"/>
          <column name="Version" value="0.101 (ALPHA)"/>
          <column name="Family" value="Logs_Errors"/>
          <column name="Startable" value="false"/>
          <column name="SUBTREE_START" value="false"/>
          <column name="END_OF_FLOW" value="true"/>
          <column name="Activate" value="true"/>
          <column name="DUMMY" value="false"/>
          <column name="tStatCatcher Statistics" value="false"/>
          <column name="Help" value="org.talend.help.tLogRow"/>
          <column name="Update components" value="true"/>
          <column name="IREPORT_PATH" value=""/>
          <column name="JAVA_LIBRARY_PATH" value="/home/db/Apps/TOS_DI-20161216_1026-V6.3.1/configuration/lib/java"/>
          <column name="Subjob color" value=""/>
          <column name="Title color" value=""/>
          <column name="REPOSITORY_ALLOW_AUTO_SWITCH" value="true"/>
          <column name="Schema" value="Built-In"/>
          <column name="Basic" value="false"/>
          <column name="Table (print values in cells of a table)" value="true"/>
          <column name="Vertical (each row is a key/value list)" value="false"/>
          <column name="Print unique name" value="true"/>
          <column name="Print label" value="false"/>
          <column name="Print unique name and label" value="false"/>
          <column name="Field Separator" value="&quot;|&quot;"/>
          <column name="Print header" value="false"/>
          <column name="Print component unique name in front of each output row" value="false"/>
          <column name="Print schema column name in front of each value" value="false"/>
          <column name="Use fixed length for values" value="false"/>
          <column name="Lengths" value="[{LENGTH=10, SCHEMA_COLUMN=moment}, {LENGTH=10, SCHEMA_COLUMN=pid}, {LENGTH=10, SCHEMA_COLUMN=root_pid}, {LENGTH=10, SCHEMA_COLUMN=father_pid}, {LENGTH=10, SCHEMA_COLUMN=project}, {LENGTH=10, SCHEMA_COLUMN=job}, {LENGTH=10, SCHEMA_COLUMN=context}, {LENGTH=10, SCHEMA_COLUMN=priority}, {LENGTH=10, SCHEMA_COLUMN=type}, {LENGTH=10, SCHEMA_COLUMN=origin}, {LENGTH=10, SCHEMA_COLUMN=message}, {LENGTH=10, SCHEMA_COLUMN=code}]"/>
          <column name="Print content with log4j" value="true"/>
          <column name="Min column number of optimize code" value="100"/>
          <column name="Label format" value="errorsLog"/>
          <column name="Hint format" value="&lt;b&gt;__UNIQUE_NAME__&lt;/b&gt;&lt;br&gt;__COMMENT__"/>
          <column name="Connection format" value="row"/>
          <column name="Show Information" value="false"/>
          <column name="Comment" value=""/>
          <column name="Use an existing validation rule" value="false"/>
          <column name="Validation Rule Type" value=""/>
        </parameters>
        <schemas>
          <schema name="tLogRow_2">
            <column name="moment" key="false" type="java.util.Date" length="" precision="" nullable="true" comment=""/>
            <column name="pid" key="false" type="String" length="20" precision="" nullable="true" comment=""/>
            <column name="root_pid" key="false" type="String" length="20" precision="" nullable="true" comment=""/>
            <column name="father_pid" key="false" type="String" length="20" precision="" nullable="true" comment=""/>
            <column name="project" key="false" type="String" length="50" precision="" nullable="true" comment=""/>
            <column name="job" key="false" type="String" length="255" precision="" nullable="true" comment=""/>
            <column name="context" key="false" type="String" length="50" precision="" nullable="true" comment=""/>
            <column name="priority" key="false" type="Integer" length="3" precision="" nullable="true" comment=""/>
            <column name="type" key="false" type="String" length="255" precision="" nullable="true" comment=""/>
            <column name="origin" key="false" type="String" length="255" precision="" nullable="true" comment=""/>
            <column name="message" key="false" type="String" length="255" precision="" nullable="true" comment=""/>
            <column name="code" key="false" type="Integer" length="3" precision="" nullable="true" comment=""/>
          </schema>
        </schemas>
      </component>
      <component icon="pictures/tLoop_1.png" uniqueName="tLoop_1" label="priceBuckets">
        <input link="tJavaFlex_1">tJavaFlex_1</input>
        <output link="tJavaFlex_2">tJavaFlex_2</output>
        <componentType>tLoop</componentType>
        <parameters>
          <column name="Unique Name" value="tLoop_1"/>
          <column name="Component Name" value="tLoop"/>
          <column name="Version" value="0.102 (ALPHA)"/>
          <column name="Family" value="Orchestration"/>
          <column name="Start" value="false"/>
          <column name="Startable" value="true"/>
          <column name="SUBTREE_START" value="true"/>
          <column name="END_OF_FLOW" value="true"/>
          <column name="Activate" value="true"/>
          <column name="DUMMY" value="false"/>
          <column name="tStatCatcher Statistics" value="false"/>
          <column name="Help" value="org.talend.help.tLoop"/>
          <column name="Update components" value="true"/>
          <column name="IREPORT_PATH" value=""/>
          <column name="JAVA_LIBRARY_PATH" value="/home/db/Apps/TOS_DI-20161216_1026-V6.3.1/configuration/lib/java"/>
          <column name="Subjob color" value=""/>
          <column name="Title color" value=""/>
          <column name="For" value="true"/>
          <column name="While" value="false"/>
          <column name="From" value="context.minPrice"/>
          <column name="To" value="context.maxPrice"/>
          <column name="Step" value="context.incrPrice"/>
          <column name="Values are increasing" value="true"/>
          <column name="Declaration" value="int tLoop_cnt = context.minPrice"/>
          <column name="Condition" value="tLoop_cnt &lt; context.maxPrice"/>
          <column name="Iteration" value="tLoop_cnt = tLoop_cnt + context.incrPrice"/>
          <column name="Label format" value="priceBuckets"/>
          <column name="Hint format" value="&lt;b&gt;__UNIQUE_NAME__&lt;/b&gt;&lt;br&gt;__COMMENT__"/>
          <column name="Connection format" value="row"/>
          <column name="Show Information" value="true"/>
          <column name="Comment" value="Loop (crawl) through all price buckets. For each price bucket, first calculate total number of pages with listed apartments to crawl further."/>
          <column name="Use an existing validation rule" value="false"/>
          <column name="Validation Rule Type" value=""/>
        </parameters>
      </component>
      <component icon="pictures/tSQLiteConnection_1.png" uniqueName="tSQLiteConnection_1" label="sqliteLocal">
        <input>none</input>
        <output link="tJavaFlex_1">tJavaFlex_1</output>
        <componentType>tSQLiteConnection</componentType>
        <parameters>
          <column name="Unique Name" value="tSQLiteConnection_1"/>
          <column name="Component Name" value="tSQLiteConnection"/>
          <column name="Version" value="0.102 (ALPHA)"/>
          <column name="Family" value="Databases/SQLite|ELT/Connections"/>
          <column name="Start" value="true"/>
          <column name="Startable" value="true"/>
          <column name="SUBTREE_START" value="true"/>
          <column name="END_OF_FLOW" value="true"/>
          <column name="Activate" value="true"/>
          <column name="DUMMY" value="false"/>
          <column name="tStatCatcher Statistics" value="false"/>
          <column name="Help" value="org.talend.help.tSQLiteConnection"/>
          <column name="Update components" value="true"/>
          <column name="IREPORT_PATH" value=""/>
          <column name="JAVA_LIBRARY_PATH" value="/home/db/Apps/TOS_DI-20161216_1026-V6.3.1/configuration/lib/java"/>
          <column name="Subjob color" value=""/>
          <column name="Title color" value=""/>
          <column name="Property Type" value="repository: DB (SQLITE):sqliteMultiPurpose"/>
          <column name="Database" value="&quot;/home/db/project/talend/Resources/MAIN/sqliteStorage.db&quot;"/>
          <column name="Use or register a shared DB Connection" value="false"/>
          <column name="Shared DB Connection Name" value="&quot;1&quot;"/>
          <column name="Auto Commit" value="true"/>
          <column name="Label format" value="sqliteLocal"/>
          <column name="Hint format" value="&lt;b&gt;__UNIQUE_NAME__&lt;/b&gt;&lt;br&gt;__COMMENT__"/>
          <column name="Connection format" value="row"/>
          <column name="Show Information" value="true"/>
          <column name="Comment" value="Don't forget to tick autocommit property if manual commit is not used."/>
          <column name="Use an existing validation rule" value="false"/>
          <column name="Validation Rule Type" value=""/>
        </parameters>
      </component>
      <component icon="pictures/tSQLiteOutput_1.png" uniqueName="tSQLiteOutput_1" label="sqliteOUT">
        <input link="tJavaRow_1">tJavaRow_1</input>
        <output>none</output>
        <componentType>tSQLiteOutput</componentType>
        <parameters>
          <column name="Unique Name" value="tSQLiteOutput_1"/>
          <column name="Component Name" value="tSQLiteOutput"/>
          <column name="Version" value="0.102 (ALPHA)"/>
          <column name="Family" value="Databases/SQLite"/>
          <column name="Startable" value="false"/>
          <column name="SUBTREE_START" value="false"/>
          <column name="END_OF_FLOW" value="true"/>
          <column name="Activate" value="true"/>
          <column name="DUMMY" value="false"/>
          <column name="tStatCatcher Statistics" value="false"/>
          <column name="Help" value="org.talend.help.tSQLiteOutput"/>
          <column name="Update components" value="true"/>
          <column name="IREPORT_PATH" value=""/>
          <column name="JAVA_LIBRARY_PATH" value="/home/db/Apps/TOS_DI-20161216_1026-V6.3.1/configuration/lib/java"/>
          <column name="Subjob color" value=""/>
          <column name="Title color" value=""/>
          <column name="Property Type" value="Built-In"/>
          <column name="Use an existing connection" value="true"/>
          <column name="Component List" value="tSQLiteConnection_1"/>
          <column name="Database" value="&quot;&quot;"/>
          <column name="Database Driver" value="SQLite"/>
          <column name="Table" value="context.rezTable1"/>
          <column name="Action on table" value="NONE"/>
          <column name="Action on data" value="INSERT_OR_UPDATE"/>
          <column name="REPOSITORY_ALLOW_AUTO_SWITCH" value="true"/>
          <column name="Schema" value="Built-In"/>
          <column name="Reject Schema" value="Built-In"/>
          <column name="Die on error" value="true"/>
          <column name="Mapping" value="sqlite_id"/>
          <column name="Encoding" value="&quot;ISO-8859-15&quot;"/>
          <column name="Commit every" value="10000"/>
          <column name="Additional columns" value="[]"/>
          <column name="Use field options" value="false"/>
          <column name="Field options" value="[{UPDATE_KEY=false, DELETE_KEY=false, UPDATABLE=true, INSERTABLE=true, SCHEMA_COLUMN=id_item}, {UPDATE_KEY=false, DELETE_KEY=false, UPDATABLE=true, INSERTABLE=true, SCHEMA_COLUMN=href}, {UPDATE_KEY=false, DELETE_KEY=false, UPDATABLE=true, INSERTABLE=true, SCHEMA_COLUMN=type}, {UPDATE_KEY=false, DELETE_KEY=false, UPDATABLE=true, INSERTABLE=true, SCHEMA_COLUMN=author}, {UPDATE_KEY=false, DELETE_KEY=false, UPDATABLE=true, INSERTABLE=true, SCHEMA_COLUMN=area}, {UPDATE_KEY=false, DELETE_KEY=false, UPDATABLE=true, INSERTABLE=true, SCHEMA_COLUMN=location}, {UPDATE_KEY=false, DELETE_KEY=false, UPDATABLE=true, INSERTABLE=true, SCHEMA_COLUMN=price}, {UPDATE_KEY=false, DELETE_KEY=false, UPDATABLE=true, INSERTABLE=true, SCHEMA_COLUMN=size}, {UPDATE_KEY=false, DELETE_KEY=false, UPDATABLE=true, INSERTABLE=true, SCHEMA_COLUMN=rooms}, {UPDATE_KEY=false, DELETE_KEY=false, UPDATABLE=true, INSERTABLE=true, SCHEMA_COLUMN=bathrooms}, {UPDATE_KEY=false, DELETE_KEY=false, UPDATABLE=true, INSERTABLE=true, SCHEMA_COLUMN=description}]"/>
          <column name="Enable debug mode" value="false"/>
          <column name="Support null in &quot;SQL WHERE&quot; statement" value="false"/>
          <column name="Use Batch" value="true"/>
          <column name="Batch Size" value="10000"/>
          <column name="Label format" value="sqliteOUT"/>
          <column name="Hint format" value="&lt;b&gt;__UNIQUE_NAME__&lt;/b&gt;&lt;br&gt;__COMMENT__"/>
          <column name="Connection format" value="row"/>
          <column name="Show Information" value="false"/>
          <column name="Comment" value=""/>
          <column name="Use an existing validation rule" value="false"/>
          <column name="Validation Rule Type" value=""/>
        </parameters>
        <schemas>
          <schema name="tSQLiteOutput_1">
            <column name="id_item" key="true" type="int" length="" precision="" nullable="false" comment=""/>
            <column name="href" key="false" type="String" length="64" precision="" nullable="false" comment=""/>
            <column name="type" key="false" type="String" length="64" precision="" nullable="true" comment=""/>
            <column name="author" key="false" type="String" length="32" precision="" nullable="true" comment=""/>
            <column name="area" key="false" type="String" length="64" precision="" nullable="true" comment=""/>
            <column name="location" key="false" type="String" length="64" precision="" nullable="true" comment=""/>
            <column name="price" key="false" type="Integer" length="" precision="" nullable="true" comment=""/>
            <column name="size" key="false" type="Integer" length="" precision="" nullable="true" comment=""/>
            <column name="rooms" key="false" type="Integer" length="" precision="" nullable="true" comment=""/>
            <column name="bathrooms" key="false" type="Integer" length="" precision="" nullable="true" comment=""/>
            <column name="description" key="false" type="String" length="" precision="" nullable="true" comment=""/>
          </schema>
        </schemas>
      </component>
    </internalNodeComponents>
    <externalNodeComponents/>
    <connections>
      <connection label="row10" lineStyle="0" metaname="tLogCatcher_1" offsetLabelX="0" offsetLabelY="0" source="tLogCatcher_1" target="tLogRow_2"/>
      <connection label="Iterate" lineStyle="7" metaname="tLoop_1" offsetLabelX="0" offsetLabelY="0" source="tLoop_1" target="tJavaFlex_2"/>
      <connection label="Iterate" lineStyle="7" metaname="tJavaFlex_2" offsetLabelX="0" offsetLabelY="0" source="tJavaFlex_2" target="tJavaFlex_3"/>
      <connection label="Iterate" lineStyle="7" metaname="tJavaFlex_3" offsetLabelX="0" offsetLabelY="0" source="tJavaFlex_3" target="tJavaFlex_5"/>
      <connection label="row1" lineStyle="0" metaname="tJavaFlex_5" offsetLabelX="0" offsetLabelY="0" source="tJavaFlex_5" target="tJavaRow_1"/>
      <connection label="row2" lineStyle="0" metaname="tJavaRow_1" offsetLabelX="0" offsetLabelY="0" source="tJavaRow_1" target="tSQLiteOutput_1"/>
      <connection label="OnComponentOk" lineStyle="3" metaname="tSQLiteConnection_1" offsetLabelX="0" offsetLabelY="0" source="tSQLiteConnection_1" target="tJavaFlex_1"/>
      <connection label="OnSubjobOk" lineStyle="1" metaname="tJavaFlex_1" offsetLabelX="0" offsetLabelY="0" source="tJavaFlex_1" target="tLoop_1"/>
    </connections>
  </job>
</project>
