<?xml version="1.1" encoding="UTF-8"?>

<project i18n.job.generated.documetation="Generated documentation" i18n.job.project.name="Project Name" i18n.job.generated.date="GENERATION DATE" i18n.job.author="AUTHOR" i18n.job.summary="Summary" i18n.job.project.description="Project Description" i18n.job.job.description="Description" i18n.job.job.preview.picture="Preview Picture" i18n.job.job.setting="Settings" i18n.job.context.list="Context List" i18n.job.component.list="Component List" i18n.job.components.description="Components Description" i18n.job.source.code="Source Code" i18n.job.properties="Properties" i18n.job.values="Values" i18n.job.name="Name" i18n.job.language="Language" i18n.job.description="Description" i18n.job.author.min="Author" i18n.job.version="Version" i18n.job.purpose="Purpose" i18n.job.status="Status" i18n.job.creation="Creation" i18n.job.modification="Modification" i18n.job.extract.settings="Extra settings" i18n.job.value="Value" i18n.job.stats.logs="Status &amp; Logs" i18n.job.context="Context" i18n.job.promt="Prompt" i18n.job.need.promt="Need Prompt?" i18n.job.type="Type" i18n.job.source="Source" i18n.job.component.name="Component Name" i18n.job.component.type="Component Type" i18n.job.component="Component" i18n.job.unique.name="UNIQUE NAME" i18n.job.input="INPUT(S)" i18n.job.label="LABEL" i18n.job.output="OUTPUT(S)" i18n.job.component.parameters="Component Parameters:" i18n.job.schema.for="Schema for " i18n.job.column="Column" i18n.job.key="Key" i18n.job.length="Length" i18n.job.precision="Precision" i18n.job.nullable="Nullable" i18n.job.comment="Comment" i18n.job.original.function.parameters="Original Function Parameters:" i18n.job.ended="ended" i18n.job.content="content" i18n.route.manifest.type="Type" i18n.route.manifest.value="Value" i18n.route.resource.name="Name" i18n.route.resource.version="Version" i18n.route.resource.path="Path" name="Main" logo="pictures/logo.jpg" title="Generated by Talend Open Studio for Data Integration" link="http://www.talend.com" language="java" generatedDate="Apr 28, 2017 9:51:32 PM" versionName="Talend Open Studio VERSION " version="6.3.1.20161216_1026" docType="Jobs" company="">
  <pro-description><![CDATA[]]></pro-description>
  <job name="JoinJavaFlex" author="user@talend.com" i18n.job.extract.settings.type="i18n.job.extract.settings" i18n.job.stats.logs.type="i18n.job.stats.logs" version="0.3" purpose="" status="DEV" creation="Mar 7, 2013 2:31:23 PM" modification="Apr 18, 2017 11:00:53 PM">
    <description><![CDATA[<br/>]]></description>
    <preview picture="pictures/JoinJavaFlex_0.3.png"/>
    <contextList>
      <context name="Dev">
        <contextParameter name="groceryList" prompt="groceryList?" promptNeeded="false" type="id_File" value="/home/db/project/talend/Resources/MAIN/menu.txt" source="JoinJavaFlex"/>
        <contextParameter name="tagsMap" prompt="tagsMap?" promptNeeded="false" type="id_File" value="/home/db/project/talend/Resources/MAIN/tags.csv" source="JoinJavaFlex"/>
      </context>
    </contextList>
    <jobSetting>
      <extra>
        <jobParameter name="COMP_DEFAULT_FILE_DIR" value=""/>
        <jobParameter name="Multi thread execution" value="false"/>
        <jobParameter name="Implicit tContextLoad" value="false"/>
      </extra>
      <Statslogs>
        <jobParameter name="Use statistics (tStatCatcher)" value="false"/>
        <jobParameter name="Use logs (tLogCatcher)" value="false"/>
        <jobParameter name="Use volumetrics (tFlowMeterCatcher)" value="false"/>
        <jobParameter name="On Console" value="false"/>
        <jobParameter name="On Files" value="true"/>
        <jobParameter name="File Path" value="Framework.getDefaultStatsDir(context.statsDir, context.baseDir, contextStr, projectName, jobName)"/>
        <jobParameter name="Log File Name" value="String.format(&quot;logs_file.%s.txt&quot;, TalendDate.formatDate(&quot;yyyyMMdd&quot;, TalendDate.getCurrentDate()))"/>
        <jobParameter name="Meter file name" value="String.format(&quot;meter_file.%s.txt&quot;, TalendDate.formatDate(&quot;yyyyMMdd&quot;, TalendDate.getCurrentDate()))"/>
        <jobParameter name="Stats File Name" value="String.format(&quot;stats_file.%s.txt&quot;, TalendDate.formatDate(&quot;yyyyMMdd&quot;, TalendDate.getCurrentDate()))"/>
        <jobParameter name="On Databases" value="false"/>
        <jobParameter name="Catch components statistics" value="false"/>
        <jobParameter name="Catch runtime errors" value="true"/>
        <jobParameter name="Catch user errors" value="true"/>
        <jobParameter name="Catch user warnings" value="true"/>
      </Statslogs>
    </jobSetting>
    <componentList>
      <componentItem name="tFileInputDelimited_1" link="tFileInputDelimited_1" type="tFileInputDelimited" leftTopX="128" leftTopY="64" rightBottomX="160" rightBottomY="96"/>
      <componentItem name="tFileInputFullRow_1" link="tFileInputFullRow_1" type="tFileInputFullRow" leftTopX="128" leftTopY="192" rightBottomX="160" rightBottomY="224"/>
      <componentItem name="tJavaFlex_1" link="tJavaFlex_1" type="tJavaFlex" leftTopX="320" leftTopY="64" rightBottomX="352" rightBottomY="96"/>
      <componentItem name="tJavaRow_1" link="tJavaRow_1" type="tJavaRow" leftTopX="320" leftTopY="192" rightBottomX="352" rightBottomY="224"/>
      <componentItem name="tJavaRow_2" link="tJavaRow_2" type="tJavaRow" leftTopX="480" leftTopY="192" rightBottomX="512" rightBottomY="224"/>
      <componentItem name="tLogRow_1" link="tLogRow_1" type="tLogRow" leftTopX="640" leftTopY="192" rightBottomX="672" rightBottomY="224"/>
    </componentList>
    <internalNodeComponents>
      <component icon="pictures/tFileInputDelimited_1.png" uniqueName="tFileInputDelimited_1" label="taglist">
        <input>none</input>
        <output link="tJavaFlex_1">tJavaFlex_1</output>
        <output link="tFileInputFullRow_1">tFileInputFullRow_1</output>
        <componentType>tFileInputDelimited</componentType>
        <parameters>
          <column name="Unique Name" value="tFileInputDelimited_1"/>
          <column name="Component Name" value="tFileInputDelimited"/>
          <column name="Version" value="0.102 (ALPHA)"/>
          <column name="Family" value="File/Input"/>
          <column name="Start" value="true"/>
          <column name="Startable" value="true"/>
          <column name="SUBTREE_START" value="true"/>
          <column name="END_OF_FLOW" value="false"/>
          <column name="Activate" value="true"/>
          <column name="DUMMY" value="false"/>
          <column name="tStatCatcher Statistics" value="false"/>
          <column name="Help" value="org.talend.help.tFileInputDelimited"/>
          <column name="Update components" value="true"/>
          <column name="IREPORT_PATH" value=""/>
          <column name="JAVA_LIBRARY_PATH" value="/home/db/Apps/TOS_DI-20161216_1026-V6.3.1/configuration/lib/java"/>
          <column name="Subjob color" value=""/>
          <column name="Title color" value=""/>
          <column name="Property Type" value="Built-In"/>
          <column name="File name/Stream" value="context.tagsMap"/>
          <column name="CSV options" value="false"/>
          <column name="Row Separator" value="&quot;\n&quot;"/>
          <column name="CSV Row Separator" value="&quot;\n&quot;"/>
          <column name="Field Separator" value="&quot;;&quot;"/>
          <column name="Escape char" value="&quot;&quot;&quot;"/>
          <column name="Text enclosure" value="&quot;&quot;&quot;"/>
          <column name="Header" value="1"/>
          <column name="Footer" value="0"/>
          <column name="Limit" value=""/>
          <column name="Skip empty rows" value="true"/>
          <column name="Uncompress as zip file" value="false"/>
          <column name="Die on error" value="false"/>
          <column name="REPOSITORY_ALLOW_AUTO_SWITCH" value="true"/>
          <column name="Schema" value="Built-In"/>
          <column name="Schema" value="Built-In"/>
          <column name="!!!TEMP_DIR.NAME!!!" value="&quot;/home/db/Apps/TOS_DI-20161216_1026-V6.3.1/workspace&quot;"/>
          <column name="Advanced separator (for numbers)" value="false"/>
          <column name="Thousands separator" value="&quot;,&quot;"/>
          <column name="Decimal separator" value="&quot;.&quot;"/>
          <column name="Extract lines at random" value="false"/>
          <column name="Number of lines" value="10"/>
          <column name="Trim all columns" value="true"/>
          <column name="Check column to trim" value="[{TRIM=false, SCHEMA_COLUMN=keywords}, {TRIM=false, SCHEMA_COLUMN=tag}]"/>
          <column name="Check each row structure against schema" value="true"/>
          <column name="Check date" value="false"/>
          <column name="Encoding" value="&quot;UTF-8&quot;"/>
          <column name="Split row before field" value="false"/>
          <column name="Permit hexadecimal (0xNNN) or octal (0NNNN) for numeric types" value="false"/>
          <column name="Decode table" value="[{DECODE=false, SCHEMA_COLUMN=keywords}, {DECODE=false, SCHEMA_COLUMN=tag}]"/>
          <column name="!!!DESTINATION.NAME!!!" value=""/>
          <column name="Min column number of optimize code" value="100"/>
          <column name="Label format" value="taglist"/>
          <column name="Hint format" value="&lt;b&gt;__UNIQUE_NAME__&lt;/b&gt;&lt;br&gt;__COMMENT__"/>
          <column name="Connection format" value="row"/>
          <column name="Show Information" value="true"/>
          <column name="Comment" value="File structure: 2 columns.
* 1st column is a unique key with space separated words. All of them have to be found im a given text if that text is to be tagged.
* 2nd column is the tagname that will be applied to a given text if all corresponding keywords are found in it."/>
          <column name="Use an existing validation rule" value="false"/>
          <column name="Validation Rule Type" value=""/>
        </parameters>
        <schemas>
          <schema name="tFileInputDelimited_1">
            <column name="keywords" key="false" type="String" length="" precision="" nullable="true" comment=""/>
            <column name="tag" key="false" type="String" length="" precision="" nullable="true" comment=""/>
          </schema>
        </schemas>
      </component>
      <component icon="pictures/tFileInputFullRow_1.png" uniqueName="tFileInputFullRow_1" label="groceryList">
        <input link="tFileInputDelimited_1">tFileInputDelimited_1</input>
        <output link="tJavaRow_1">tJavaRow_1</output>
        <componentType>tFileInputFullRow</componentType>
        <parameters>
          <column name="Unique Name" value="tFileInputFullRow_1"/>
          <column name="Component Name" value="tFileInputFullRow"/>
          <column name="Version" value="0.102 (ALPHA)"/>
          <column name="Family" value="File/Input"/>
          <column name="Start" value="false"/>
          <column name="Startable" value="true"/>
          <column name="SUBTREE_START" value="true"/>
          <column name="END_OF_FLOW" value="false"/>
          <column name="Activate" value="true"/>
          <column name="DUMMY" value="false"/>
          <column name="tStatCatcher Statistics" value="false"/>
          <column name="Help" value="org.talend.help.tFileInputFullRow"/>
          <column name="Update components" value="true"/>
          <column name="IREPORT_PATH" value=""/>
          <column name="JAVA_LIBRARY_PATH" value="/home/db/Apps/TOS_DI-20161216_1026-V6.3.1/configuration/lib/java"/>
          <column name="Subjob color" value=""/>
          <column name="Title color" value=""/>
          <column name="REPOSITORY_ALLOW_AUTO_SWITCH" value="true"/>
          <column name="Schema" value="Built-In"/>
          <column name="File Name" value="context.groceryList"/>
          <column name="Row Separator" value="&quot;\n&quot;"/>
          <column name="Header" value="0"/>
          <column name="Footer" value="0"/>
          <column name="Limit" value=""/>
          <column name="Skip empty rows" value="true"/>
          <column name="Encoding" value="&quot;UTF-8&quot;"/>
          <column name="Extract lines at random" value="false"/>
          <column name="Number of lines" value="10"/>
          <column name="Label format" value="groceryList"/>
          <column name="Hint format" value="&lt;b&gt;__UNIQUE_NAME__&lt;/b&gt;&lt;br&gt;__COMMENT__"/>
          <column name="Connection format" value="row"/>
          <column name="Show Information" value="true"/>
          <column name="Comment" value="Each line in this file contains a text to be tagged"/>
          <column name="Use an existing validation rule" value="false"/>
          <column name="Validation Rule Type" value=""/>
        </parameters>
        <schemas>
          <schema name="tFileInputFullRow_1">
            <column name="line" key="false" type="String" length="" precision="" nullable="true" comment=""/>
          </schema>
        </schemas>
      </component>
      <component icon="pictures/tJavaFlex_1.png" uniqueName="tJavaFlex_1" label="tagHashMap">
        <input link="tFileInputDelimited_1">tFileInputDelimited_1</input>
        <output>none</output>
        <componentType>tJavaFlex</componentType>
        <parameters>
          <column name="Unique Name" value="tJavaFlex_1"/>
          <column name="Component Name" value="tJavaFlex"/>
          <column name="Version" value="0.101 (ALPHA)"/>
          <column name="Family" value="Custom_Code"/>
          <column name="Start" value="false"/>
          <column name="Startable" value="true"/>
          <column name="SUBTREE_START" value="false"/>
          <column name="END_OF_FLOW" value="true"/>
          <column name="Activate" value="true"/>
          <column name="DUMMY" value="false"/>
          <column name="tStatCatcher Statistics" value="false"/>
          <column name="Help" value="org.talend.help.tJavaFlex"/>
          <column name="Update components" value="true"/>
          <column name="IREPORT_PATH" value=""/>
          <column name="JAVA_LIBRARY_PATH" value="/home/db/Apps/TOS_DI-20161216_1026-V6.3.1/configuration/lib/java"/>
          <column name="Subjob color" value=""/>
          <column name="Title color" value=""/>
          <column name="REPOSITORY_ALLOW_AUTO_SWITCH" value="true"/>
          <column name="Schema" value="Built-In"/>
          <column name="Data Auto Propagate" value="false"/>
          <column name="Start code" value="java.util.Map&lt;String, String&gt; tagmap = new java.util.HashMap();	"/>
          <column name="Main code" value="// Insert input_row data in java hashmap
tagmap.put(row1.keywords, row1.tag);"/>
          <column name="End code" value="// Make this hashmap visible to all other joblets
globalMap.put(&quot;TAGMAP&quot;, tagmap);
//DEBUG
System.out.println(tagmap);"/>
          <column name="TOS2.0" value="false"/>
          <column name="TOS3.2" value="false"/>
          <column name="TOS4.0" value="true"/>
          <column name="Import" value="//import java.util.List;
import java.util.HashMap;"/>
          <column name="Label format" value="tagHashMap"/>
          <column name="Hint format" value="&lt;b&gt;__UNIQUE_NAME__&lt;/b&gt;&lt;br&gt;__COMMENT__"/>
          <column name="Connection format" value="row"/>
          <column name="Show Information" value="false"/>
          <column name="Comment" value=""/>
          <column name="Use an existing validation rule" value="false"/>
          <column name="Validation Rule Type" value=""/>
        </parameters>
        <schemas>
          <schema name="metadata"/>
        </schemas>
      </component>
      <component icon="pictures/tJavaRow_1.png" uniqueName="tJavaRow_1" label="applyTags">
        <input link="tFileInputFullRow_1">tFileInputFullRow_1</input>
        <output link="tJavaRow_2">tJavaRow_2</output>
        <componentType>tJavaRow</componentType>
        <parameters>
          <column name="Unique Name" value="tJavaRow_1"/>
          <column name="Component Name" value="tJavaRow"/>
          <column name="Version" value="0.101 (ALPHA)"/>
          <column name="Family" value="Custom_Code"/>
          <column name="Startable" value="false"/>
          <column name="SUBTREE_START" value="false"/>
          <column name="END_OF_FLOW" value="false"/>
          <column name="Activate" value="true"/>
          <column name="DUMMY" value="false"/>
          <column name="tStatCatcher Statistics" value="false"/>
          <column name="Help" value="org.talend.help.tJavaRow"/>
          <column name="Update components" value="true"/>
          <column name="IREPORT_PATH" value=""/>
          <column name="JAVA_LIBRARY_PATH" value="/home/db/Apps/TOS_DI-20161216_1026-V6.3.1/configuration/lib/java"/>
          <column name="Subjob color" value=""/>
          <column name="Title color" value=""/>
          <column name="REPOSITORY_ALLOW_AUTO_SWITCH" value="true"/>
          <column name="Schema" value="Built-In"/>
          <column name="Code" value="output_row.line = input_row.line;
output_row.taglist = GithubExamples.applyTags(input_row.line, (java.util.HashMap&lt;String, String&gt;)globalMap.get(&quot;TAGMAP&quot;));
"/>
          <column name="Import" value="import java.util.HashMap;
"/>
          <column name="Label format" value="applyTags"/>
          <column name="Hint format" value="&lt;b&gt;__UNIQUE_NAME__&lt;/b&gt;&lt;br&gt;__COMMENT__"/>
          <column name="Connection format" value="row"/>
          <column name="Show Information" value="true"/>
          <column name="Comment" value="This is a custom join node. Lookup table is provided as a HashMap from previous joblet. And all join logic is inside a custom made java function. This enables more full freedom in data types involved in arbitrarely complex join logic. We are not bounded only by talend datatypes like in tMap."/>
          <column name="Use an existing validation rule" value="false"/>
          <column name="Validation Rule Type" value=""/>
        </parameters>
        <schemas>
          <schema name="tJavaRow_1">
            <column name="line" key="false" type="String" length="" precision="" nullable="true" comment=""/>
            <column name="taglist" key="false" type="String" length="" precision="" nullable="true" comment=""/>
          </schema>
        </schemas>
      </component>
      <component icon="pictures/tJavaRow_2.png" uniqueName="tJavaRow_2" label="additionalOPs">
        <input link="tJavaRow_1">tJavaRow_1</input>
        <output link="tLogRow_1">tLogRow_1</output>
        <componentType>tJavaRow</componentType>
        <parameters>
          <column name="Unique Name" value="tJavaRow_2"/>
          <column name="Component Name" value="tJavaRow"/>
          <column name="Version" value="0.101 (ALPHA)"/>
          <column name="Family" value="Custom_Code"/>
          <column name="Startable" value="false"/>
          <column name="SUBTREE_START" value="false"/>
          <column name="END_OF_FLOW" value="false"/>
          <column name="Activate" value="true"/>
          <column name="DUMMY" value="false"/>
          <column name="tStatCatcher Statistics" value="false"/>
          <column name="Help" value="org.talend.help.tJavaRow"/>
          <column name="Update components" value="true"/>
          <column name="IREPORT_PATH" value=""/>
          <column name="JAVA_LIBRARY_PATH" value="/home/db/Apps/TOS_DI-20161216_1026-V6.3.1/configuration/lib/java"/>
          <column name="Subjob color" value=""/>
          <column name="Title color" value=""/>
          <column name="REPOSITORY_ALLOW_AUTO_SWITCH" value="true"/>
          <column name="Schema" value="Built-In"/>
          <column name="Code" value="output_row.line    = input_row.line;
output_row.taglist = input_row.taglist;
output_row.tagcnt  = (input_row.taglist).equals(&quot;[]&quot;) ? 0 : StringHandling.COUNT(input_row.taglist,&quot;,&quot;)+1;
"/>
          <column name="Import" value="//import java.util.List;"/>
          <column name="Label format" value="additionalOPs"/>
          <column name="Hint format" value="&lt;b&gt;__UNIQUE_NAME__&lt;/b&gt;&lt;br&gt;__COMMENT__"/>
          <column name="Connection format" value="row"/>
          <column name="Show Information" value="true"/>
          <column name="Comment" value="Some additional data transforms or filtering conditions. For example, add column and count the applied tags per entry."/>
          <column name="Use an existing validation rule" value="false"/>
          <column name="Validation Rule Type" value=""/>
        </parameters>
        <schemas>
          <schema name="tJavaRow_2">
            <column name="line" key="false" type="String" length="" precision="" nullable="true" comment=""/>
            <column name="taglist" key="false" type="String" length="" precision="" nullable="true" comment=""/>
            <column name="tagcnt" key="false" type="Integer" length="" precision="" nullable="true" comment=""/>
          </schema>
        </schemas>
      </component>
      <component icon="pictures/tLogRow_1.png" uniqueName="tLogRow_1" label="resultLog">
        <input link="tJavaRow_2">tJavaRow_2</input>
        <output>none</output>
        <componentType>tLogRow</componentType>
        <parameters>
          <column name="Unique Name" value="tLogRow_1"/>
          <column name="Component Name" value="tLogRow"/>
          <column name="Version" value="0.101 (ALPHA)"/>
          <column name="Family" value="Logs_Errors"/>
          <column name="Startable" value="false"/>
          <column name="SUBTREE_START" value="false"/>
          <column name="END_OF_FLOW" value="true"/>
          <column name="Activate" value="true"/>
          <column name="DUMMY" value="false"/>
          <column name="tStatCatcher Statistics" value="false"/>
          <column name="Help" value="org.talend.help.tLogRow"/>
          <column name="Update components" value="true"/>
          <column name="IREPORT_PATH" value=""/>
          <column name="JAVA_LIBRARY_PATH" value="/home/db/Apps/TOS_DI-20161216_1026-V6.3.1/configuration/lib/java"/>
          <column name="Subjob color" value=""/>
          <column name="Title color" value=""/>
          <column name="REPOSITORY_ALLOW_AUTO_SWITCH" value="true"/>
          <column name="Schema" value="Built-In"/>
          <column name="Basic" value="false"/>
          <column name="Table (print values in cells of a table)" value="true"/>
          <column name="Vertical (each row is a key/value list)" value="false"/>
          <column name="Print unique name" value="true"/>
          <column name="Print label" value="false"/>
          <column name="Print unique name and label" value="false"/>
          <column name="Field Separator" value="&quot;|&quot;"/>
          <column name="Print header" value="false"/>
          <column name="Print component unique name in front of each output row" value="false"/>
          <column name="Print schema column name in front of each value" value="false"/>
          <column name="Use fixed length for values" value="false"/>
          <column name="Lengths" value="[{LENGTH=10, SCHEMA_COLUMN=line}, {LENGTH=10, SCHEMA_COLUMN=taglist}, {LENGTH=10, SCHEMA_COLUMN=tagcnt}]"/>
          <column name="Print content with log4j" value="true"/>
          <column name="Min column number of optimize code" value="100"/>
          <column name="Label format" value="resultLog"/>
          <column name="Hint format" value="&lt;b&gt;__UNIQUE_NAME__&lt;/b&gt;&lt;br&gt;__COMMENT__"/>
          <column name="Connection format" value="row"/>
          <column name="Show Information" value="false"/>
          <column name="Comment" value=""/>
          <column name="Use an existing validation rule" value="false"/>
          <column name="Validation Rule Type" value=""/>
        </parameters>
        <schemas>
          <schema name="tLogRow_1">
            <column name="line" key="false" type="String" length="" precision="" nullable="true" comment=""/>
            <column name="taglist" key="false" type="String" length="" precision="" nullable="true" comment=""/>
            <column name="tagcnt" key="false" type="Integer" length="" precision="" nullable="true" comment=""/>
          </schema>
        </schemas>
      </component>
    </internalNodeComponents>
    <externalNodeComponents/>
    <connections>
      <connection label="row1" lineStyle="0" metaname="tFileInputDelimited_1" offsetLabelX="0" offsetLabelY="0" source="tFileInputDelimited_1" target="tJavaFlex_1"/>
      <connection label="OnSubjobOk" lineStyle="1" metaname="tFileInputDelimited_1" offsetLabelX="0" offsetLabelY="0" source="tFileInputDelimited_1" target="tFileInputFullRow_1"/>
      <connection label="row2" lineStyle="0" metaname="tFileInputFullRow_1" offsetLabelX="0" offsetLabelY="0" source="tFileInputFullRow_1" target="tJavaRow_1"/>
      <connection label="row3" lineStyle="0" metaname="tJavaRow_1" offsetLabelX="0" offsetLabelY="0" source="tJavaRow_1" target="tJavaRow_2"/>
      <connection label="row4" lineStyle="0" metaname="tJavaRow_2" offsetLabelX="0" offsetLabelY="0" source="tJavaRow_2" target="tLogRow_1"/>
    </connections>
  </job>
</project>
