<?xml version="1.1" encoding="UTF-8"?>

<project i18n.job.generated.documetation="Generated documentation" i18n.job.project.name="Project Name" i18n.job.generated.date="GENERATION DATE" i18n.job.author="AUTHOR" i18n.job.summary="Summary" i18n.job.project.description="Project Description" i18n.job.job.description="Description" i18n.job.job.preview.picture="Preview Picture" i18n.job.job.setting="Settings" i18n.job.context.list="Context List" i18n.job.component.list="Component List" i18n.job.components.description="Components Description" i18n.job.source.code="Source Code" i18n.job.properties="Properties" i18n.job.values="Values" i18n.job.name="Name" i18n.job.language="Language" i18n.job.description="Description" i18n.job.author.min="Author" i18n.job.version="Version" i18n.job.purpose="Purpose" i18n.job.status="Status" i18n.job.creation="Creation" i18n.job.modification="Modification" i18n.job.extract.settings="Extra settings" i18n.job.value="Value" i18n.job.stats.logs="Status &amp; Logs" i18n.job.context="Context" i18n.job.promt="Prompt" i18n.job.need.promt="Need Prompt?" i18n.job.type="Type" i18n.job.source="Source" i18n.job.component.name="Component Name" i18n.job.component.type="Component Type" i18n.job.component="Component" i18n.job.unique.name="UNIQUE NAME" i18n.job.input="INPUT(S)" i18n.job.label="LABEL" i18n.job.output="OUTPUT(S)" i18n.job.component.parameters="Component Parameters:" i18n.job.schema.for="Schema for " i18n.job.column="Column" i18n.job.key="Key" i18n.job.length="Length" i18n.job.precision="Precision" i18n.job.nullable="Nullable" i18n.job.comment="Comment" i18n.job.original.function.parameters="Original Function Parameters:" i18n.job.ended="ended" i18n.job.content="content" i18n.route.manifest.type="Type" i18n.route.manifest.value="Value" i18n.route.resource.name="Name" i18n.route.resource.version="Version" i18n.route.resource.path="Path" name="Main" logo="pictures/logo.jpg" title="Generated by Talend Open Studio for Data Integration" link="http://www.talend.com" language="java" generatedDate="Apr 28, 2017 9:51:41 PM" versionName="Talend Open Studio VERSION " version="6.3.1.20161216_1026" docType="Jobs" company="">
  <pro-description><![CDATA[]]></pro-description>
  <job name="ParseComplexLog" author="user@talend.com" i18n.job.extract.settings.type="i18n.job.extract.settings" i18n.job.stats.logs.type="i18n.job.stats.logs" version="0.3" purpose="Demo" status="DEV" creation="Apr 18, 2017 10:11:30 PM" modification="Apr 28, 2017 9:40:57 PM">
    <description><![CDATA[upgrade - simplify diagram<br/>]]></description>
    <preview picture="pictures/ParseComplexLog_0.3.png"/>
    <contextList>
      <context name="Dev">
        <contextParameter name="logDirPath" prompt="logDirPath?" promptNeeded="false" type="id_File" value="/home/db/project/talend/Resources/MAIN/" source="ParseComplexLog"/>
        <contextParameter name="logFilename" prompt="logFilename?" promptNeeded="false" type="id_String" value="example.log" source="ParseComplexLog"/>
      </context>
    </contextList>
    <jobSetting>
      <extra>
        <jobParameter name="COMP_DEFAULT_FILE_DIR" value=""/>
        <jobParameter name="Multi thread execution" value="false"/>
        <jobParameter name="Implicit tContextLoad" value="false"/>
      </extra>
      <Statslogs>
        <jobParameter name="Use statistics (tStatCatcher)" value="true"/>
        <jobParameter name="Use logs (tLogCatcher)" value="true"/>
        <jobParameter name="Use volumetrics (tFlowMeterCatcher)" value="true"/>
        <jobParameter name="On Console" value="false"/>
        <jobParameter name="On Files" value="false"/>
        <jobParameter name="On Databases" value="false"/>
        <jobParameter name="Catch components statistics" value="false"/>
        <jobParameter name="Catch runtime errors" value="true"/>
        <jobParameter name="Catch user errors" value="true"/>
        <jobParameter name="Catch user warnings" value="true"/>
      </Statslogs>
    </jobSetting>
    <componentList>
      <componentItem name="tAssertCatcher_1" link="tAssertCatcher_1" type="tAssertCatcher" leftTopX="384" leftTopY="352" rightBottomX="416" rightBottomY="384"/>
      <componentItem name="tAssert_1" link="tAssert_1" type="tAssert" leftTopX="96" leftTopY="352" rightBottomX="128" rightBottomY="384"/>
      <componentItem name="tFileInputFullRow_1" link="tFileInputFullRow_1" type="tFileInputFullRow" leftTopX="96" leftTopY="64" rightBottomX="128" rightBottomY="96"/>
      <componentItem name="tFileInputFullRow_2" link="tFileInputFullRow_2" type="tFileInputFullRow" leftTopX="384" leftTopY="192" rightBottomX="416" rightBottomY="224"/>
      <componentItem name="tFileOutputDelimited_1" link="tFileOutputDelimited_1" type="tFileOutputDelimited" leftTopX="576" leftTopY="192" rightBottomX="608" rightBottomY="224"/>
      <componentItem name="tJavaFlex_1" link="tJavaFlex_1" type="tJavaFlex" leftTopX="384" leftTopY="64" rightBottomX="416" rightBottomY="96"/>
      <componentItem name="tJavaFlex_3" link="tJavaFlex_3" type="tJavaFlex" leftTopX="96" leftTopY="192" rightBottomX="128" rightBottomY="224"/>
      <componentItem name="tLogRow_1" link="tLogRow_1" type="tLogRow" leftTopX="576" leftTopY="352" rightBottomX="608" rightBottomY="384"/>
    </componentList>
    <internalNodeComponents>
      <component icon="pictures/tAssertCatcher_1.png" uniqueName="tAssertCatcher_1" label="__UNIQUE_NAME__">
        <input>none</input>
        <output link="tLogRow_1">tLogRow_1</output>
        <componentType>tAssertCatcher</componentType>
        <parameters>
          <column name="Unique Name" value="tAssertCatcher_1"/>
          <column name="Component Name" value="tAssertCatcher"/>
          <column name="Version" value="0.101 (ALPHA)"/>
          <column name="Family" value="Logs_Errors"/>
          <column name="Start" value="true"/>
          <column name="Startable" value="true"/>
          <column name="SUBTREE_START" value="true"/>
          <column name="END_OF_FLOW" value="false"/>
          <column name="Activate" value="true"/>
          <column name="DUMMY" value="false"/>
          <column name="tStatCatcher Statistics" value="false"/>
          <column name="Help" value="org.talend.help.tAssertCatcher"/>
          <column name="Update components" value="true"/>
          <column name="IREPORT_PATH" value=""/>
          <column name="JAVA_LIBRARY_PATH" value="/home/db/Apps/TOS_DI-20161216_1026-V6.3.1/configuration/lib/java"/>
          <column name="Subjob color" value=""/>
          <column name="Title color" value=""/>
          <column name="REPOSITORY_ALLOW_AUTO_SWITCH" value="true"/>
          <column name="Schema" value="Built-In"/>
          <column name="Catch Java Exception" value="true"/>
          <column name="Get original exception" value="false"/>
          <column name="Catch tAssert" value="true"/>
          <column name="Label format" value="__UNIQUE_NAME__"/>
          <column name="Hint format" value="&lt;b&gt;__UNIQUE_NAME__&lt;/b&gt;&lt;br&gt;__COMMENT__"/>
          <column name="Connection format" value="row"/>
          <column name="Show Information" value="false"/>
          <column name="Comment" value=""/>
          <column name="Use an existing validation rule" value="false"/>
          <column name="Validation Rule Type" value=""/>
        </parameters>
        <schemas>
          <schema name="tAssertCatcher_1">
            <column name="moment" key="false" type="java.util.Date" length="" precision="" nullable="true" comment=""/>
            <column name="pid" key="false" type="String" length="20" precision="" nullable="true" comment=""/>
            <column name="project" key="false" type="String" length="50" precision="" nullable="true" comment=""/>
            <column name="job" key="false" type="String" length="255" precision="" nullable="true" comment=""/>
            <column name="language" key="false" type="String" length="5" precision="" nullable="true" comment=""/>
            <column name="origin" key="false" type="String" length="50" precision="" nullable="true" comment=""/>
            <column name="status" key="false" type="String" length="10" precision="" nullable="true" comment=""/>
            <column name="substatus" key="false" type="String" length="255" precision="" nullable="true" comment=""/>
            <column name="description" key="false" type="String" length="255" precision="" nullable="true" comment=""/>
          </schema>
        </schemas>
      </component>
      <component icon="pictures/tAssert_1.png" uniqueName="tAssert_1" label="unitTest">
        <input link="tJavaFlex_3">tJavaFlex_3</input>
        <output>none</output>
        <componentType>tAssert</componentType>
        <parameters>
          <column name="Unique Name" value="tAssert_1"/>
          <column name="Component Name" value="tAssert"/>
          <column name="Version" value="0.101 (ALPHA)"/>
          <column name="Family" value="Logs_Errors"/>
          <column name="Start" value="false"/>
          <column name="Startable" value="true"/>
          <column name="SUBTREE_START" value="true"/>
          <column name="END_OF_FLOW" value="true"/>
          <column name="Activate" value="true"/>
          <column name="DUMMY" value="false"/>
          <column name="tStatCatcher Statistics" value="false"/>
          <column name="Help" value="org.talend.help.tAssert"/>
          <column name="Update components" value="true"/>
          <column name="IREPORT_PATH" value=""/>
          <column name="JAVA_LIBRARY_PATH" value="/home/db/Apps/TOS_DI-20161216_1026-V6.3.1/configuration/lib/java"/>
          <column name="Subjob color" value=""/>
          <column name="Title color" value=""/>
          <column name="description" value="&quot;unit test example&quot;"/>
          <column name="expression" value="((java.util.ArrayList&lt;Integer&gt;)globalMap.get(&quot;HEADER_ROW_LIST&quot;)).toString().equals(&quot;[4, 10, 22, 51, 75, 93, 139]&quot;)"/>
          <column name="Schema" value="Built-In"/>
          <column name="Label format" value="unitTest"/>
          <column name="Hint format" value="&lt;b&gt;__UNIQUE_NAME__&lt;/b&gt;&lt;br&gt;__COMMENT__"/>
          <column name="Connection format" value="row"/>
          <column name="Show Information" value="true"/>
          <column name="Comment" value="AssertCatcher will output to console no matter what is the outcome of test."/>
          <column name="Use an existing validation rule" value="false"/>
          <column name="Validation Rule Type" value=""/>
        </parameters>
        <schemas>
          <schema name="tAssert_1"/>
        </schemas>
      </component>
      <component icon="pictures/tFileInputFullRow_1.png" uniqueName="tFileInputFullRow_1" label="1stLogPass">
        <input>none</input>
        <output link="tJavaFlex_1">tJavaFlex_1</output>
        <output link="tJavaFlex_3">tJavaFlex_3</output>
        <componentType>tFileInputFullRow</componentType>
        <parameters>
          <column name="Unique Name" value="tFileInputFullRow_1"/>
          <column name="Component Name" value="tFileInputFullRow"/>
          <column name="Version" value="0.102 (ALPHA)"/>
          <column name="Family" value="File/Input"/>
          <column name="Start" value="true"/>
          <column name="Startable" value="true"/>
          <column name="SUBTREE_START" value="true"/>
          <column name="END_OF_FLOW" value="false"/>
          <column name="Activate" value="true"/>
          <column name="DUMMY" value="false"/>
          <column name="tStatCatcher Statistics" value="false"/>
          <column name="Help" value="org.talend.help.tFileInputFullRow"/>
          <column name="Update components" value="true"/>
          <column name="IREPORT_PATH" value=""/>
          <column name="JAVA_LIBRARY_PATH" value="/home/db/Apps/TOS_DI-20161216_1026-V6.3.1/configuration/lib/java"/>
          <column name="Subjob color" value=""/>
          <column name="Title color" value=""/>
          <column name="REPOSITORY_ALLOW_AUTO_SWITCH" value="true"/>
          <column name="Schema" value="Built-In"/>
          <column name="File Name" value="context.logDirPath + context.logFilename"/>
          <column name="Row Separator" value="&quot;\r\n&quot;"/>
          <column name="Header" value=""/>
          <column name="Footer" value=""/>
          <column name="Limit" value=""/>
          <column name="Skip empty rows" value="false"/>
          <column name="Encoding" value="&quot;UTF-8&quot;"/>
          <column name="Extract lines at random" value="false"/>
          <column name="Number of lines" value="10"/>
          <column name="Label format" value="1stLogPass"/>
          <column name="Hint format" value="&lt;b&gt;__UNIQUE_NAME__&lt;/b&gt;&lt;br&gt;__COMMENT__"/>
          <column name="Connection format" value="row"/>
          <column name="Show Information" value="false"/>
          <column name="Comment" value=""/>
          <column name="Use an existing validation rule" value="false"/>
          <column name="Validation Rule Type" value=""/>
        </parameters>
        <schemas>
          <schema name="tFileInputFullRow_1">
            <column name="line" key="false" type="String" length="2048" precision="" nullable="true" comment=""/>
          </schema>
        </schemas>
      </component>
      <component icon="pictures/tFileInputFullRow_2.png" uniqueName="tFileInputFullRow_2" label="2ndLogPass">
        <input link="tJavaFlex_3">tJavaFlex_3</input>
        <output link="tFileOutputDelimited_1">tFileOutputDelimited_1</output>
        <componentType>tFileInputFullRow</componentType>
        <parameters>
          <column name="Unique Name" value="tFileInputFullRow_2"/>
          <column name="Component Name" value="tFileInputFullRow"/>
          <column name="Version" value="0.102 (ALPHA)"/>
          <column name="Family" value="File/Input"/>
          <column name="Start" value="false"/>
          <column name="Startable" value="true"/>
          <column name="SUBTREE_START" value="false"/>
          <column name="END_OF_FLOW" value="false"/>
          <column name="Activate" value="true"/>
          <column name="DUMMY" value="false"/>
          <column name="tStatCatcher Statistics" value="false"/>
          <column name="Help" value="org.talend.help.tFileInputFullRow"/>
          <column name="Update components" value="true"/>
          <column name="IREPORT_PATH" value=""/>
          <column name="JAVA_LIBRARY_PATH" value="/home/db/Apps/TOS_DI-20161216_1026-V6.3.1/configuration/lib/java"/>
          <column name="Subjob color" value=""/>
          <column name="Title color" value=""/>
          <column name="REPOSITORY_ALLOW_AUTO_SWITCH" value="true"/>
          <column name="Schema" value="Built-In"/>
          <column name="File Name" value="context.logDirPath + context.logFilename"/>
          <column name="Row Separator" value="&quot;\r\n&quot;"/>
          <column name="Header" value="((Integer)globalMap.get(&quot;BEGIN_BLOCK&quot;))"/>
          <column name="Footer" value=""/>
          <column name="Limit" value="((Integer)globalMap.get(&quot;END_BLOCK&quot;)) - ((Integer)globalMap.get(&quot;BEGIN_BLOCK&quot;))"/>
          <column name="Skip empty rows" value="false"/>
          <column name="Encoding" value="&quot;UTF-8&quot;"/>
          <column name="Extract lines at random" value="false"/>
          <column name="Number of lines" value="10"/>
          <column name="Label format" value="2ndLogPass"/>
          <column name="Hint format" value="&lt;b&gt;__UNIQUE_NAME__&lt;/b&gt;&lt;br&gt;__COMMENT__"/>
          <column name="Connection format" value="row"/>
          <column name="Show Information" value="false"/>
          <column name="Comment" value=""/>
          <column name="Use an existing validation rule" value="false"/>
          <column name="Validation Rule Type" value=""/>
        </parameters>
        <schemas>
          <schema name="tFileInputFullRow_2">
            <column name="line" key="false" type="String" length="2048" precision="" nullable="true" comment=""/>
          </schema>
        </schemas>
      </component>
      <component icon="pictures/tFileOutputDelimited_1.png" uniqueName="tFileOutputDelimited_1" label="BlocksOut">
        <input link="tFileInputFullRow_2">tFileInputFullRow_2</input>
        <output>none</output>
        <componentType>tFileOutputDelimited</componentType>
        <parameters>
          <column name="Unique Name" value="tFileOutputDelimited_1"/>
          <column name="Component Name" value="tFileOutputDelimited"/>
          <column name="Version" value="0.101 (ALPHA)"/>
          <column name="Family" value="File/Output"/>
          <column name="Startable" value="false"/>
          <column name="SUBTREE_START" value="false"/>
          <column name="END_OF_FLOW" value="true"/>
          <column name="Activate" value="true"/>
          <column name="DUMMY" value="false"/>
          <column name="tStatCatcher Statistics" value="false"/>
          <column name="Help" value="org.talend.help.tFileOutputDelimited"/>
          <column name="Update components" value="true"/>
          <column name="IREPORT_PATH" value=""/>
          <column name="JAVA_LIBRARY_PATH" value="/home/db/Apps/TOS_DI-20161216_1026-V6.3.1/configuration/lib/java"/>
          <column name="Subjob color" value=""/>
          <column name="Title color" value=""/>
          <column name="Property Type" value="Built-In"/>
          <column name="Use Output Stream" value="false"/>
          <column name="Output Stream" value="outputStream"/>
          <column name="File Name" value="context.logDirPath + &quot;/logparts/&quot; +  globalMap.get(&quot;BEGIN_BLOCK&quot;) + &quot;-&quot; + globalMap.get(&quot;END_BLOCK&quot;) + &quot;.log&quot;"/>
          <column name="Row Separator" value="&quot;\r\n&quot;"/>
          <column name="Use OS line separator as row separator when CSV Row Separator is set to CR,LF or CRLF." value="true"/>
          <column name="CSV Row Separator" value="&quot;\n&quot;"/>
          <column name="Field Separator" value="&quot;&quot;"/>
          <column name="Append" value="false"/>
          <column name="Include Header" value="false"/>
          <column name="Compress as zip file" value="false"/>
          <column name="REPOSITORY_ALLOW_AUTO_SWITCH" value="true"/>
          <column name="Schema" value="Built-In"/>
          <column name="Advanced separator (for numbers)" value="false"/>
          <column name="Thousands separator" value="&quot;,&quot;"/>
          <column name="Decimal separator" value="&quot;.&quot;"/>
          <column name="CSV options" value="false"/>
          <column name="Escape char" value="&quot;&quot;&quot;"/>
          <column name="Text enclosure" value="&quot;&quot;&quot;"/>
          <column name="Create directory if does not exist" value="true"/>
          <column name="Split output in several files" value="false"/>
          <column name="Rows in each output file" value="1000"/>
          <column name="Custom the flush buffer size" value="false"/>
          <column name="Row number" value="1"/>
          <column name="Output in row mode" value="false"/>
          <column name="Encoding" value="&quot;ISO-8859-15&quot;"/>
          <column name="Don't generate empty file" value="false"/>
          <column name="Min column number of optimize code" value="90"/>
          <column name="Label format" value="BlocksOut"/>
          <column name="Hint format" value="&lt;b&gt;__UNIQUE_NAME__&lt;/b&gt;&lt;br&gt;__COMMENT__"/>
          <column name="Connection format" value="row"/>
          <column name="Show Information" value="false"/>
          <column name="Comment" value=""/>
          <column name="Use an existing validation rule" value="false"/>
          <column name="Validation Rule Type" value=""/>
        </parameters>
        <schemas>
          <schema name="tFileOutputDelimited_1">
            <column name="line" key="false" type="String" length="2048" precision="" nullable="true" comment=""/>
          </schema>
        </schemas>
      </component>
      <component icon="pictures/tJavaFlex_1.png" uniqueName="tJavaFlex_1" label="getHooks">
        <input link="tFileInputFullRow_1">tFileInputFullRow_1</input>
        <output>none</output>
        <componentType>tJavaFlex</componentType>
        <parameters>
          <column name="Unique Name" value="tJavaFlex_1"/>
          <column name="Component Name" value="tJavaFlex"/>
          <column name="Version" value="0.101 (ALPHA)"/>
          <column name="Family" value="Custom_Code"/>
          <column name="Start" value="false"/>
          <column name="Startable" value="true"/>
          <column name="SUBTREE_START" value="false"/>
          <column name="END_OF_FLOW" value="true"/>
          <column name="Activate" value="true"/>
          <column name="DUMMY" value="false"/>
          <column name="tStatCatcher Statistics" value="false"/>
          <column name="Help" value="org.talend.help.tJavaFlex"/>
          <column name="Update components" value="true"/>
          <column name="IREPORT_PATH" value=""/>
          <column name="JAVA_LIBRARY_PATH" value="/home/db/Apps/TOS_DI-20161216_1026-V6.3.1/configuration/lib/java"/>
          <column name="Subjob color" value=""/>
          <column name="Title color" value=""/>
          <column name="REPOSITORY_ALLOW_AUTO_SWITCH" value="true"/>
          <column name="Schema" value="Built-In"/>
          <column name="Data Auto Propagate" value="true"/>
          <column name="Start code" value="int cntRows = 0;
java.util.ArrayList&lt;Integer&gt; headRows = new java.util.ArrayList&lt;Integer&gt;();
Pattern pattern = Pattern.compile(&quot;TxtLogMetaRule&quot;);"/>
          <column name="Main code" value="// http://tutorials.jenkov.com/java-regex/matcher.html
// Simpler version
//if (ApacheStringUtils.startsWith(row3.line, &quot;TxtLogMetaRule&quot;)) {
// More advanced regex version
Matcher matcher = pattern.matcher(row3.line);
if (matcher.lookingAt()) {headRows.add(cntRows);}
cntRows++;"/>
          <column name="End code" value="headRows.add(((Integer)globalMap.get(&quot;tFileInputFullRow_1_NB_LINE&quot;)));
// Naming convention: Use all caps for object names inside globalMap like talend does
// Or mixed prefixed by the label of the component where it's created:
// &quot;getHooks_HEADER_ROW_LIST&quot;
globalMap.put(&quot;HEADER_ROW_LIST&quot;, headRows);
// Control output
System.out.println(&quot;Headers@lines: &quot; + globalMap.get(&quot;HEADER_ROW_LIST&quot;));"/>
          <column name="TOS2.0" value="false"/>
          <column name="TOS3.2" value="false"/>
          <column name="TOS4.0" value="true"/>
          <column name="Import" value="import java.util.regex.Pattern;
import java.util.regex.Matcher;"/>
          <column name="Label format" value="getHooks"/>
          <column name="Hint format" value="&lt;b&gt;__UNIQUE_NAME__&lt;/b&gt;&lt;br&gt;__COMMENT__"/>
          <column name="Connection format" value="row"/>
          <column name="Show Information" value="true"/>
          <column name="Comment" value="Unfortunately talend's file input components lack &quot;Current line number (Flow)&quot; property."/>
          <column name="Use an existing validation rule" value="false"/>
          <column name="Validation Rule Type" value=""/>
        </parameters>
        <schemas>
          <schema name="tJavaFlex_1">
            <column name="line" key="false" type="String" length="2048" precision="" nullable="true" comment=""/>
          </schema>
        </schemas>
      </component>
      <component icon="pictures/tJavaFlex_3.png" uniqueName="tJavaFlex_3" label="loopBlocks">
        <input link="tFileInputFullRow_1">tFileInputFullRow_1</input>
        <output link="tFileInputFullRow_2">tFileInputFullRow_2</output>
        <output link="tAssert_1">tAssert_1</output>
        <componentType>tJavaFlex</componentType>
        <parameters>
          <column name="Unique Name" value="tJavaFlex_3"/>
          <column name="Component Name" value="tJavaFlex"/>
          <column name="Version" value="0.101 (ALPHA)"/>
          <column name="Family" value="Custom_Code"/>
          <column name="Start" value="false"/>
          <column name="Startable" value="true"/>
          <column name="SUBTREE_START" value="true"/>
          <column name="END_OF_FLOW" value="true"/>
          <column name="Activate" value="true"/>
          <column name="DUMMY" value="false"/>
          <column name="tStatCatcher Statistics" value="false"/>
          <column name="Help" value="org.talend.help.tJavaFlex"/>
          <column name="Update components" value="true"/>
          <column name="IREPORT_PATH" value=""/>
          <column name="JAVA_LIBRARY_PATH" value="/home/db/Apps/TOS_DI-20161216_1026-V6.3.1/configuration/lib/java"/>
          <column name="Subjob color" value=""/>
          <column name="Title color" value=""/>
          <column name="REPOSITORY_ALLOW_AUTO_SWITCH" value="true"/>
          <column name="Schema" value="Built-In"/>
          <column name="Data Auto Propagate" value="false"/>
          <column name="Start code" value="
java.util.ArrayList&lt;Integer&gt; headRows = (java.util.ArrayList&lt;Integer&gt;)globalMap.get(&quot;HEADER_ROW_LIST&quot;);	
for (int i = 0; i &lt; headRows.size() - 1; i++) {
"/>
          <column name="Main code" value="
globalMap.put(&quot;BEGIN_BLOCK&quot;, (Integer)headRows.get(i));
globalMap.put(&quot;END_BLOCK&quot;,   (Integer)headRows.get(i+1));"/>
          <column name="End code" value="// end of the component, outside/closing the loop
      }"/>
          <column name="TOS2.0" value="false"/>
          <column name="TOS3.2" value="false"/>
          <column name="TOS4.0" value="true"/>
          <column name="Import" value="//import java.util.List;"/>
          <column name="Label format" value="loopBlocks"/>
          <column name="Hint format" value="&lt;b&gt;__UNIQUE_NAME__&lt;/b&gt;&lt;br&gt;__COMMENT__"/>
          <column name="Connection format" value="row"/>
          <column name="Show Information" value="true"/>
          <column name="Comment" value="Example of iterate capability of tJavaFlex. No data to pass on, used just for reading log file in parts."/>
          <column name="Use an existing validation rule" value="false"/>
          <column name="Validation Rule Type" value=""/>
        </parameters>
        <schemas>
          <schema name="tJavaFlex_3">
            <column name="headBeginBlock" key="false" type="Integer" length="" precision="" nullable="true" comment=""/>
            <column name="headEndBlock" key="false" type="Integer" length="" precision="" nullable="true" comment=""/>
          </schema>
        </schemas>
      </component>
      <component icon="pictures/tLogRow_1.png" uniqueName="tLogRow_1" label="controlLog">
        <input link="tAssertCatcher_1">tAssertCatcher_1</input>
        <output>none</output>
        <componentType>tLogRow</componentType>
        <parameters>
          <column name="Unique Name" value="tLogRow_1"/>
          <column name="Component Name" value="tLogRow"/>
          <column name="Version" value="0.101 (ALPHA)"/>
          <column name="Family" value="Logs_Errors"/>
          <column name="Startable" value="false"/>
          <column name="SUBTREE_START" value="false"/>
          <column name="END_OF_FLOW" value="true"/>
          <column name="Activate" value="true"/>
          <column name="DUMMY" value="false"/>
          <column name="tStatCatcher Statistics" value="false"/>
          <column name="Help" value="org.talend.help.tLogRow"/>
          <column name="Update components" value="true"/>
          <column name="IREPORT_PATH" value=""/>
          <column name="JAVA_LIBRARY_PATH" value="/home/db/Apps/TOS_DI-20161216_1026-V6.3.1/configuration/lib/java"/>
          <column name="Subjob color" value=""/>
          <column name="Title color" value=""/>
          <column name="REPOSITORY_ALLOW_AUTO_SWITCH" value="true"/>
          <column name="Schema" value="Built-In"/>
          <column name="Basic" value="false"/>
          <column name="Table (print values in cells of a table)" value="true"/>
          <column name="Vertical (each row is a key/value list)" value="false"/>
          <column name="Print unique name" value="true"/>
          <column name="Print label" value="false"/>
          <column name="Print unique name and label" value="false"/>
          <column name="Field Separator" value="&quot;|&quot;"/>
          <column name="Print header" value="false"/>
          <column name="Print component unique name in front of each output row" value="false"/>
          <column name="Print schema column name in front of each value" value="false"/>
          <column name="Use fixed length for values" value="false"/>
          <column name="Lengths" value="[{LENGTH=10, SCHEMA_COLUMN=moment}, {LENGTH=10, SCHEMA_COLUMN=pid}, {LENGTH=10, SCHEMA_COLUMN=project}, {LENGTH=10, SCHEMA_COLUMN=job}, {LENGTH=10, SCHEMA_COLUMN=language}, {LENGTH=10, SCHEMA_COLUMN=origin}, {LENGTH=10, SCHEMA_COLUMN=status}, {LENGTH=10, SCHEMA_COLUMN=substatus}, {LENGTH=10, SCHEMA_COLUMN=description}]"/>
          <column name="Print content with log4j" value="true"/>
          <column name="Min column number of optimize code" value="100"/>
          <column name="Label format" value="controlLog"/>
          <column name="Hint format" value="&lt;b&gt;__UNIQUE_NAME__&lt;/b&gt;&lt;br&gt;__COMMENT__"/>
          <column name="Connection format" value="row"/>
          <column name="Show Information" value="false"/>
          <column name="Comment" value=""/>
          <column name="Use an existing validation rule" value="false"/>
          <column name="Validation Rule Type" value=""/>
        </parameters>
        <schemas>
          <schema name="tLogRow_1">
            <column name="moment" key="false" type="java.util.Date" length="" precision="" nullable="true" comment=""/>
            <column name="pid" key="false" type="String" length="20" precision="" nullable="true" comment=""/>
            <column name="project" key="false" type="String" length="50" precision="" nullable="true" comment=""/>
            <column name="job" key="false" type="String" length="255" precision="" nullable="true" comment=""/>
            <column name="language" key="false" type="String" length="5" precision="" nullable="true" comment=""/>
            <column name="origin" key="false" type="String" length="50" precision="" nullable="true" comment=""/>
            <column name="status" key="false" type="String" length="10" precision="" nullable="true" comment=""/>
            <column name="substatus" key="false" type="String" length="255" precision="" nullable="true" comment=""/>
            <column name="description" key="false" type="String" length="255" precision="" nullable="true" comment=""/>
          </schema>
        </schemas>
      </component>
    </internalNodeComponents>
    <externalNodeComponents/>
    <connections>
      <connection label="row3" lineStyle="0" metaname="tFileInputFullRow_1" offsetLabelX="0" offsetLabelY="0" source="tFileInputFullRow_1" target="tJavaFlex_1"/>
      <connection label="OnSubjobOk" lineStyle="1" metaname="tFileInputFullRow_1" offsetLabelX="0" offsetLabelY="0" source="tFileInputFullRow_1" target="tJavaFlex_3"/>
      <connection label="Iterate" lineStyle="7" metaname="tJavaFlex_3" offsetLabelX="0" offsetLabelY="0" source="tJavaFlex_3" target="tFileInputFullRow_2"/>
      <connection label="OnSubjobOk" lineStyle="1" metaname="tJavaFlex_3" offsetLabelX="0" offsetLabelY="0" source="tJavaFlex_3" target="tAssert_1"/>
      <connection label="row1" lineStyle="0" metaname="tFileInputFullRow_2" offsetLabelX="0" offsetLabelY="0" source="tFileInputFullRow_2" target="tFileOutputDelimited_1"/>
      <connection label="row2" lineStyle="0" metaname="tAssertCatcher_1" offsetLabelX="0" offsetLabelY="0" source="tAssertCatcher_1" target="tLogRow_1"/>
    </connections>
  </job>
</project>
